sample_id,read1,read2,gpu_profile
agron_L01,/jic/archive/projects/watseq/My_Book_Duo/Agron_DP8400011528TL_L01_567.R1.fastq.gz,/jic/archive/projects/watseq/My_Book_Duo/Agron_DP8400011528TL_L01_567.R2.fastq.gz,1gpu
agron_L01,/jic/archive/projects/watseq/My_Book_Duo/Agron_DP8400011528TL_L01_568.R1.fastq.gz,/jic/archive/projects/watseq/My_Book_Duo/Agron_DP8400011528TL_L01_568.R2.fastq.gz,1gpu
alba_L3,/jic/archive/projects/watseq/ECS/pr-raw-watseq/WatSeq-modern_global_reads/data/modern_clean1/Alba_9D38818RP3F312312PA_BHYV5TDSXX_L3_312312.R1.fastp.fastq.gz,/jic/archive/projects/watseq/ECS/pr-raw-watseq/WatSeq-modern_global_reads/data/modern_clean1/Alba_9D38818RP3F312312PA_BHYV5TDSXX_L3_312312.R2.fastp.fastq.gz,1gpu
alba_L3,/jic/archive/projects/watseq/ECS/pr-raw-watseq/WatSeq-modern_global_reads/data/modern_clean1/Alba_9D38818RP3F353353PB_BHYV5TDSXX_L3_353353.R1.fastp.fastq.gz,/jic/archive/projects/watseq/ECS/pr-raw-watseq/WatSeq-modern_global_reads/data/modern_clean1/Alba_9D38818RP3F353353PB_BHYV5TDSXX_L3_353353.R2.fastp.fastq.gz,1gpu
albatross_L1,/jic/archive/projects/watseq/ECS/pr-raw-watseq/WatSeq-modern_global_reads/data/modern_clean1/Albatross_9D38870RP3F301301PA_BH322JDSXY_L1_301301.R1.fastp.fastq.gz,/jic/archive/projects/watseq/ECS/pr-raw-watseq/WatSeq-modern_global_reads/data/modern_clean1/Albatross_9D38870RP3F301301PA_BH322JDSXY_L1_301301.R2.fastp.fastq.gz,1gpu
albatross_L1,/jic/archive/projects/watseq/ECS/pr-raw-watseq/WatSeq-modern_global_reads/data/modern_clean1/Albatross_9D38870RP3F301301PB_AH33CYDSXY_L1_301301.R1.fastp.fastq.gz,/jic/archive/projects/watseq/ECS/pr-raw-watseq/WatSeq-modern_global_reads/data/modern_clean1/Albatross_9D38870RP3F301301PB_AH33CYDSXY_L1_301301.R2.fastp.fastq.gz,1gpu
alcedo_L2,/jic/archive/projects/watseq/ECS/pr-raw-watseq/WatSeq-modern_global_reads/data/modern_clean1/Alcedo_9D38836RP3F326326PA_AH2WKGDSXY_L2_326326.R1.fastp.fastq.gz,/jic/archive/projects/watseq/ECS/pr-raw-watseq/WatSeq-modern_global_reads/data/modern_clean1/Alcedo_9D38836RP3F326326PA_AH2WKGDSXY_L2_326326.R2.fastp.fastq.gz,1gpu
alcedo_L4,/jic/archive/projects/watseq/ECS/pr-raw-watseq/WatSeq-modern_global_reads/data/modern_clean1/Alcedo_9D38836RP3F369369PB_AH32TYDSXY_L4_369369.R1.fastp.fastq.gz,/jic/archive/projects/watseq/ECS/pr-raw-watseq/WatSeq-modern_global_reads/data/modern_clean1/Alcedo_9D38836RP3F369369PB_AH32TYDSXY_L4_369369.R2.fastp.fastq.gz,1gpu
alert_L01,/jic/archive/projects/watseq/My_Book_Duo/Alert_DP8400011681BR_L01_503.R1.fastq.gz,/jic/archive/projects/watseq/My_Book_Duo/Alert_DP8400011681BR_L01_503.R2.fastq.gz,1gpu
alert_L01,/jic/archive/projects/watseq/My_Book_Duo/Alert_DP8400011681BR_L01_504.R1.fastq.gz,/jic/archive/projects/watseq/My_Book_Duo/Alert_DP8400011681BR_L01_504.R2.fastq.gz,1gpu
alert_L01,/jic/archive/projects/watseq/My_Book_Duo/Alert_FP200000081BL_L01_503.R1.fastq.gz,/jic/archive/projects/watseq/My_Book_Duo/Alert_FP200000081BL_L01_503.R2.fastq.gz,1gpu
alert_L01,/jic/archive/projects/watseq/My_Book_Duo/Alert_FP200000081BL_L01_504.R1.fastq.gz,/jic/archive/projects/watseq/My_Book_Duo/Alert_FP200000081BL_L01_504.R2.fastq.gz,1gpu
almus_L01,/jic/archive/projects/watseq/My_Book_Duo/Almus_DP8400011374TR_L01_517.R1.fastq.gz,/jic/archive/projects/watseq/My_Book_Duo/Almus_DP8400011374TR_L01_517.R2.fastq.gz,1gpu
almus_L01,/jic/archive/projects/watseq/My_Book_Duo/Almus_DP8400011374TR_L01_518.R1.fastq.gz,/jic/archive/projects/watseq/My_Book_Duo/Almus_DP8400011374TR_L01_518.R2.fastq.gz,1gpu
almus_L01,/jic/archive/projects/watseq/My_Book_Duo/Almus_DP8400011375TR_L01_517.R1.fastq.gz,/jic/archive/projects/watseq/My_Book_Duo/Almus_DP8400011375TR_L01_517.R2.fastq.gz,1gpu
almus_L01,/jic/archive/projects/watseq/My_Book_Duo/Almus_DP8400011375TR_L01_518.R1.fastq.gz,/jic/archive/projects/watseq/My_Book_Duo/Almus_DP8400011375TR_L01_518.R2.fastq.gz,1gpu
altria_L01,/jic/archive/projects/watseq/My_Book_Duo/Altria_DP8400011692TL_L01_541.R1.fastq.gz,/jic/archive/projects/watseq/My_Book_Duo/Altria_DP8400011692TL_L01_541.R2.fastq.gz,1gpu
altria_L01,/jic/archive/projects/watseq/My_Book_Duo/Altria_DP8400011692TL_L01_542.R1.fastq.gz,/jic/archive/projects/watseq/My_Book_Duo/Altria_DP8400011692TL_L01_542.R2.fastq.gz,1gpu
altria_L01,/jic/archive/projects/watseq/My_Book_Duo/Altria_FP200000081BL_L01_541.R1.fastq.gz,/jic/archive/projects/watseq/My_Book_Duo/Altria_FP200000081BL_L01_541.R2.fastq.gz,1gpu
altria_L01,/jic/archive/projects/watseq/My_Book_Duo/Altria_FP200000081BL_L01_542.R1.fastq.gz,/jic/archive/projects/watseq/My_Book_Duo/Altria_FP200000081BL_L01_542.R2.fastq.gz,1gpu
arminda_L4,/jic/archive/projects/watseq/ECS/pr-raw-watseq/WatSeq-modern_global_reads/data/modern_clean1/Arminda_9D38840RP3F337337PC_AH32TYDSXY_L4_337337.R1.fastp.fastq.gz,/jic/archive/projects/watseq/ECS/pr-raw-watseq/WatSeq-modern_global_reads/data/modern_clean1/Arminda_9D38840RP3F337337PC_AH32TYDSXY_L4_337337.R2.fastp.fastq.gz,1gpu
arminda_L3,/jic/archive/projects/watseq/ECS/pr-raw-watseq/WatSeq-modern_global_reads/data/modern_clean1/Arminda_9D38840RP3F337337PC_BH32JLDSXY_L3_337337.R1.fastp.fastq.gz,/jic/archive/projects/watseq/ECS/pr-raw-watseq/WatSeq-modern_global_reads/data/modern_clean1/Arminda_9D38840RP3F337337PC_BH32JLDSXY_L3_337337.R2.fastp.fastq.gz,1gpu
arminda_L2,/jic/archive/projects/watseq/ECS/pr-raw-watseq/WatSeq-modern_global_reads/data/modern_clean1/Arminda_9D38840RP3F378378PB_AH2WKGDSXY_L2_378378.R1.fastp.fastq.gz,/jic/archive/projects/watseq/ECS/pr-raw-watseq/WatSeq-modern_global_reads/data/modern_clean1/Arminda_9D38840RP3F378378PB_AH2WKGDSXY_L2_378378.R2.fastp.fastq.gz,1gpu
arminda_L1,/jic/archive/projects/watseq/ECS/pr-raw-watseq/WatSeq-modern_global_reads/data/modern_clean1/Arminda_9D38840RP3F378378PB_AH3232DSXY_L1_378378.R1.fastp.fastq.gz,/jic/archive/projects/watseq/ECS/pr-raw-watseq/WatSeq-modern_global_reads/data/modern_clean1/Arminda_9D38840RP3F378378PB_AH3232DSXY_L1_378378.R2.fastp.fastq.gz,1gpu
aronde_L4,/jic/archive/projects/watseq/ECS/pr-raw-watseq/WatSeq-modern_global_reads/data/modern_clean1/Aronde_9D38937RP3F327327PB_BH2WHTDSXY_L4_327327.R1.fastp.fastq.gz,/jic/archive/projects/watseq/ECS/pr-raw-watseq/WatSeq-modern_global_reads/data/modern_clean1/Aronde_9D38937RP3F327327PB_BH2WHTDSXY_L4_327327.R2.fastp.fastq.gz,1gpu
aronde_L3,/jic/archive/projects/watseq/ECS/pr-raw-watseq/WatSeq-modern_global_reads/data/modern_clean1/Aronde_9D38937RP3F327327PC_AH32CJDSXY_L3_327327.R1.fastp.fastq.gz,/jic/archive/projects/watseq/ECS/pr-raw-watseq/WatSeq-modern_global_reads/data/modern_clean1/Aronde_9D38937RP3F327327PC_AH32CJDSXY_L3_327327.R2.fastp.fastq.gz,1gpu
aronde_L1,/jic/archive/projects/watseq/ECS/pr-raw-watseq/WatSeq-modern_global_reads/data/modern_clean1/Aronde_9D38937RP3F327327PC_BH32CVDSXY_L1_327327.R1.fastp.fastq.gz,/jic/archive/projects/watseq/ECS/pr-raw-watseq/WatSeq-modern_global_reads/data/modern_clean1/Aronde_9D38937RP3F327327PC_BH32CVDSXY_L1_327327.R2.fastp.fastq.gz,1gpu
avalon_L2,/jic/archive/projects/watseq/ECS/pr-raw-watseq/WatSeq-modern_global_reads/data/modern_clean1/Avalon_9D38838RP3F336336PA_AH2WKGDSXY_L2_336336.R1.fastp.fastq.gz,/jic/archive/projects/watseq/ECS/pr-raw-watseq/WatSeq-modern_global_reads/data/modern_clean1/Avalon_9D38838RP3F336336PA_AH2WKGDSXY_L2_336336.R2.fastp.fastq.gz,1gpu
avalon_L3,/jic/archive/projects/watseq/ECS/pr-raw-watseq/WatSeq-modern_global_reads/data/modern_clean1/Avalon_9D38838RP3F336336PA_BH32JLDSXY_L3_336336.R1.fastp.fastq.gz,/jic/archive/projects/watseq/ECS/pr-raw-watseq/WatSeq-modern_global_reads/data/modern_clean1/Avalon_9D38838RP3F336336PA_BH32JLDSXY_L3_336336.R2.fastp.fastq.gz,1gpu
avalon_L1,/jic/archive/projects/watseq/ECS/pr-raw-watseq/WatSeq-modern_global_reads/data/modern_clean1/Avalon_9D38838RP3F377377PB_AH3232DSXY_L1_377377.R1.fastp.fastq.gz,/jic/archive/projects/watseq/ECS/pr-raw-watseq/WatSeq-modern_global_reads/data/modern_clean1/Avalon_9D38838RP3F377377PB_AH3232DSXY_L1_377377.R2.fastp.fastq.gz,1gpu
avalon_L4,/jic/archive/projects/watseq/ECS/pr-raw-watseq/WatSeq-modern_global_reads/data/modern_clean1/Avalon_9D38838RP3F377377PB_AH32TYDSXY_L4_377377.R1.fastp.fastq.gz,/jic/archive/projects/watseq/ECS/pr-raw-watseq/WatSeq-modern_global_reads/data/modern_clean1/Avalon_9D38838RP3F377377PB_AH32TYDSXY_L4_377377.R2.fastp.fastq.gz,1gpu
avocet_L01,/jic/archive/projects/watseq/My_Book_Duo/avocet_DP8400011692TL_L01_539.R1.fastq.gz,/jic/archive/projects/watseq/My_Book_Duo/avocet_DP8400011692TL_L01_539.R2.fastq.gz,1gpu
avocet_L01,/jic/archive/projects/watseq/My_Book_Duo/avocet_DP8400011692TL_L01_540.R1.fastq.gz,/jic/archive/projects/watseq/My_Book_Duo/avocet_DP8400011692TL_L01_540.R2.fastq.gz,1gpu
avocet_L01,/jic/archive/projects/watseq/My_Book_Duo/avocet_FP200000081BL_L01_539.R1.fastq.gz,/jic/archive/projects/watseq/My_Book_Duo/avocet_FP200000081BL_L01_539.R2.fastq.gz,1gpu
avocet_L01,/jic/archive/projects/watseq/My_Book_Duo/avocet_FP200000081BL_L01_540.R1.fastq.gz,/jic/archive/projects/watseq/My_Book_Duo/avocet_FP200000081BL_L01_540.R2.fastq.gz,1gpu
aztec_L01,/jic/archive/projects/watseq/My_Book_Duo/Aztec_FP100001131BL_L01_527.R1.fastq.gz,/jic/archive/projects/watseq/My_Book_Duo/Aztec_FP100001131BL_L01_527.R2.fastq.gz,1gpu
aztec_L01,/jic/archive/projects/watseq/My_Book_Duo/Aztec_FP100001131BL_L01_528.R1.fastq.gz,/jic/archive/projects/watseq/My_Book_Duo/Aztec_FP100001131BL_L01_528.R2.fastq.gz,1gpu
banco_L01,/jic/archive/projects/watseq/My_Book_Duo/Banco_DP8400011528TL_L01_559.R1.fastq.gz,/jic/archive/projects/watseq/My_Book_Duo/Banco_DP8400011528TL_L01_559.R2.fastq.gz,1gpu
banco_L01,/jic/archive/projects/watseq/My_Book_Duo/Banco_DP8400011528TL_L01_560.R1.fastq.gz,/jic/archive/projects/watseq/My_Book_Duo/Banco_DP8400011528TL_L01_560.R2.fastq.gz,1gpu
bandit_L01,/jic/archive/projects/watseq/My_Book_Duo/Bandit_DP8400011550BR_L01_583.R1.fastq.gz,/jic/archive/projects/watseq/My_Book_Duo/Bandit_DP8400011550BR_L01_583.R2.fastq.gz,1gpu
bandit_L01,/jic/archive/projects/watseq/My_Book_Duo/Bandit_DP8400011550BR_L01_584.R1.fastq.gz,/jic/archive/projects/watseq/My_Book_Duo/Bandit_DP8400011550BR_L01_584.R2.fastq.gz,1gpu
banner_L01,/jic/archive/projects/watseq/My_Book_Duo/Banner_DP8400011374TR_L01_521.R1.fastq.gz,/jic/archive/projects/watseq/My_Book_Duo/Banner_DP8400011374TR_L01_521.R2.fastq.gz,1gpu
banner_L01,/jic/archive/projects/watseq/My_Book_Duo/Banner_DP8400011374TR_L01_522.R1.fastq.gz,/jic/archive/projects/watseq/My_Book_Duo/Banner_DP8400011374TR_L01_522.R2.fastq.gz,1gpu
beauchamp_L01,/jic/archive/projects/watseq/My_Book_Duo/Beauchamp_DP8400011550BR_L01_533.R1.fastq.gz,/jic/archive/projects/watseq/My_Book_Duo/Beauchamp_DP8400011550BR_L01_533.R2.fastq.gz,1gpu
beauchamp_L01,/jic/archive/projects/watseq/My_Book_Duo/Beauchamp_DP8400011550BR_L01_534.R1.fastq.gz,/jic/archive/projects/watseq/My_Book_Duo/Beauchamp_DP8400011550BR_L01_534.R2.fastq.gz,1gpu
beaver_L1,/jic/archive/projects/watseq/ECS/pr-raw-watseq/WatSeq-modern_global_reads/data/modern_clean1/Beaver_9D38853RP3F335335PB_AH3232DSXY_L1_335335.R1.fastp.fastq.gz,/jic/archive/projects/watseq/ECS/pr-raw-watseq/WatSeq-modern_global_reads/data/modern_clean1/Beaver_9D38853RP3F335335PB_AH3232DSXY_L1_335335.R2.fastp.fastq.gz,1gpu
beaver_L4,/jic/archive/projects/watseq/ECS/pr-raw-watseq/WatSeq-modern_global_reads/data/modern_clean1/Beaver_9D38853RP3F335335PB_BH322JDSXY_L4_335335.R1.fastp.fastq.gz,/jic/archive/projects/watseq/ECS/pr-raw-watseq/WatSeq-modern_global_reads/data/modern_clean1/Beaver_9D38853RP3F335335PB_BH322JDSXY_L4_335335.R2.fastp.fastq.gz,1gpu
beaver_L3,/jic/archive/projects/watseq/ECS/pr-raw-watseq/WatSeq-modern_global_reads/data/modern_clean1/Beaver_9D38853RP3F335335PC_BH322JDSXY_L3_335335.R1.fastp.fastq.gz,/jic/archive/projects/watseq/ECS/pr-raw-watseq/WatSeq-modern_global_reads/data/modern_clean1/Beaver_9D38853RP3F335335PC_BH322JDSXY_L3_335335.R2.fastp.fastq.gz,1gpu
beaver_L3,/jic/archive/projects/watseq/ECS/pr-raw-watseq/WatSeq-modern_global_reads/data/modern_clean1/Beaver_9D38853RP3F335335PC_BH32JLDSXY_L3_335335.R1.fastp.fastq.gz,/jic/archive/projects/watseq/ECS/pr-raw-watseq/WatSeq-modern_global_reads/data/modern_clean1/Beaver_9D38853RP3F335335PC_BH32JLDSXY_L3_335335.R2.fastp.fastq.gz,1gpu
bounty_L2,/jic/archive/projects/watseq/ECS/pr-raw-watseq/WatSeq-modern_global_reads/data/modern_clean1/Bounty_9D38839RP3F324324PA_AH33CYDSXY_L2_324324.R1.fastp.fastq.gz,/jic/archive/projects/watseq/ECS/pr-raw-watseq/WatSeq-modern_global_reads/data/modern_clean1/Bounty_9D38839RP3F324324PA_AH33CYDSXY_L2_324324.R2.fastp.fastq.gz,1gpu
bounty_L4,/jic/archive/projects/watseq/ECS/pr-raw-watseq/WatSeq-modern_global_reads/data/modern_clean1/Bounty_9D38839RP3F366366PB_AH32TYDSXY_L4_366366.R1.fastp.fastq.gz,/jic/archive/projects/watseq/ECS/pr-raw-watseq/WatSeq-modern_global_reads/data/modern_clean1/Bounty_9D38839RP3F366366PB_AH32TYDSXY_L4_366366.R2.fastp.fastq.gz,1gpu
boxer_L01,/jic/archive/projects/watseq/My_Book_Duo/Boxer_DP8400011526TL_L01_555.R1.fastq.gz,/jic/archive/projects/watseq/My_Book_Duo/Boxer_DP8400011526TL_L01_555.R2.fastq.gz,1gpu
boxer_L01,/jic/archive/projects/watseq/My_Book_Duo/Boxer_DP8400011526TL_L01_556.R1.fastq.gz,/jic/archive/projects/watseq/My_Book_Duo/Boxer_DP8400011526TL_L01_556.R2.fastq.gz,1gpu
boxer_L01,/jic/archive/projects/watseq/My_Book_Duo/Boxer_DP8400011679BR_L01_555.R1.fastq.gz,/jic/archive/projects/watseq/My_Book_Duo/Boxer_DP8400011679BR_L01_555.R2.fastq.gz,1gpu
boxer_L01,/jic/archive/projects/watseq/My_Book_Duo/Boxer_DP8400011679BR_L01_556.R1.fastq.gz,/jic/archive/projects/watseq/My_Book_Duo/Boxer_DP8400011679BR_L01_556.R2.fastq.gz,1gpu
boxer_L01,/jic/archive/projects/watseq/My_Book_Duo/Boxer_FP200000081BL_L01_555.R1.fastq.gz,/jic/archive/projects/watseq/My_Book_Duo/Boxer_FP200000081BL_L01_555.R2.fastq.gz,1gpu
boxer_L01,/jic/archive/projects/watseq/My_Book_Duo/Boxer_FP200000081BL_L01_556.R1.fastq.gz,/jic/archive/projects/watseq/My_Book_Duo/Boxer_FP200000081BL_L01_556.R2.fastq.gz,1gpu
buster_L3,/jic/archive/projects/watseq/ECS/pr-raw-watseq/WatSeq-modern_global_reads/data/modern_clean1/Buster_9D38932RP3F322322PA_BH322JDSXY_L3_322322.R1.fastp.fastq.gz,/jic/archive/projects/watseq/ECS/pr-raw-watseq/WatSeq-modern_global_reads/data/modern_clean1/Buster_9D38932RP3F322322PA_BH322JDSXY_L3_322322.R2.fastp.fastq.gz,1gpu
buster_L1,/jic/archive/projects/watseq/ECS/pr-raw-watseq/WatSeq-modern_global_reads/data/modern_clean1/Buster_9D38932RP3F322322PB_BH32CVDSXY_L1_322322.R1.fastp.fastq.gz,/jic/archive/projects/watseq/ECS/pr-raw-watseq/WatSeq-modern_global_reads/data/modern_clean1/Buster_9D38932RP3F322322PB_BH32CVDSXY_L1_322322.R2.fastp.fastq.gz,1gpu
calif_L3,/jic/archive/projects/watseq/ECS/pr-raw-watseq/WatSeq-modern_global_reads/data/modern_clean1/Calif_9D38871RP3F342342PB_AH32CJDSXY_L3_342342.R1.fastp.fastq.gz,/jic/archive/projects/watseq/ECS/pr-raw-watseq/WatSeq-modern_global_reads/data/modern_clean1/Calif_9D38871RP3F342342PB_AH32CJDSXY_L3_342342.R2.fastp.fastq.gz,1gpu
calif_L2,/jic/archive/projects/watseq/ECS/pr-raw-watseq/WatSeq-modern_global_reads/data/modern_clean1/Calif_9D38871RP3F342342PB_BH32CVDSXY_L2_342342.R1.fastp.fastq.gz,/jic/archive/projects/watseq/ECS/pr-raw-watseq/WatSeq-modern_global_reads/data/modern_clean1/Calif_9D38871RP3F342342PB_BH32CVDSXY_L2_342342.R2.fastp.fastq.gz,1gpu
calif_L4,/jic/archive/projects/watseq/ECS/pr-raw-watseq/WatSeq-modern_global_reads/data/modern_clean1/Calif_9D38871RP3F342342PC_AH32CJDSXY_L4_342342.R1.fastp.fastq.gz,/jic/archive/projects/watseq/ECS/pr-raw-watseq/WatSeq-modern_global_reads/data/modern_clean1/Calif_9D38871RP3F342342PC_AH32CJDSXY_L4_342342.R2.fastp.fastq.gz,1gpu
calif_L3,/jic/archive/projects/watseq/ECS/pr-raw-watseq/WatSeq-modern_global_reads/data/modern_clean1/Calif_9D38871RP3F342342PC_BH32CVDSXY_L3_342342.R1.fastp.fastq.gz,/jic/archive/projects/watseq/ECS/pr-raw-watseq/WatSeq-modern_global_reads/data/modern_clean1/Calif_9D38871RP3F342342PC_BH32CVDSXY_L3_342342.R2.fastp.fastq.gz,1gpu
camp_remy_L4,/jic/archive/projects/watseq/ECS/pr-raw-watseq/WatSeq-modern_global_reads/data/modern_clean1/Camp-Remy_9D38854RP3F319319PA_BH322JDSXY_L4_319319.R1.fastp.fastq.gz,/jic/archive/projects/watseq/ECS/pr-raw-watseq/WatSeq-modern_global_reads/data/modern_clean1/Camp-Remy_9D38854RP3F319319PA_BH322JDSXY_L4_319319.R2.fastp.fastq.gz,1gpu
camp_remy_L1,/jic/archive/projects/watseq/ECS/pr-raw-watseq/WatSeq-modern_global_reads/data/modern_clean1/Camp-Remy_9D38854RP3F319319PB_AH33CYDSXY_L1_319319.R1.fastp.fastq.gz,/jic/archive/projects/watseq/ECS/pr-raw-watseq/WatSeq-modern_global_reads/data/modern_clean1/Camp-Remy_9D38854RP3F319319PB_AH33CYDSXY_L1_319319.R2.fastp.fastq.gz,1gpu
capitaine_L01,/jic/archive/projects/watseq/My_Book_Duo/Capitiane_DP8400011513TR_L01_569.R1.fastq.gz,/jic/archive/projects/watseq/My_Book_Duo/Capitiane_DP8400011513TR_L01_569.R2.fastq.gz,1gpu
capitaine_L01,/jic/archive/projects/watseq/My_Book_Duo/Capitiane_DP8400011513TR_L01_570.R1.fastq.gz,/jic/archive/projects/watseq/My_Book_Duo/Capitiane_DP8400011513TR_L01_570.R2.fastq.gz,1gpu
capo_L3,/jic/archive/projects/watseq/ECS/pr-raw-watseq/WatSeq-modern_global_reads/data/modern_clean1/Capo_9D38866RP3F312312PA_AH32CJDSXY_L3_312312.R1.fastp.fastq.gz,/jic/archive/projects/watseq/ECS/pr-raw-watseq/WatSeq-modern_global_reads/data/modern_clean1/Capo_9D38866RP3F312312PA_AH32CJDSXY_L3_312312.R2.fastp.fastq.gz,1gpu
capo_L1,/jic/archive/projects/watseq/ECS/pr-raw-watseq/WatSeq-modern_global_reads/data/modern_clean1/Capo_9D38866RP3F312312PA_AH33CYDSXY_L1_312312.R1.fastp.fastq.gz,/jic/archive/projects/watseq/ECS/pr-raw-watseq/WatSeq-modern_global_reads/data/modern_clean1/Capo_9D38866RP3F312312PA_AH33CYDSXY_L1_312312.R2.fastp.fastq.gz,1gpu
capo_L4,/jic/archive/projects/watseq/ECS/pr-raw-watseq/WatSeq-modern_global_reads/data/modern_clean1/Capo_9D38866RP3F312312PB_BH322JDSXY_L4_312312.R1.fastp.fastq.gz,/jic/archive/projects/watseq/ECS/pr-raw-watseq/WatSeq-modern_global_reads/data/modern_clean1/Capo_9D38866RP3F312312PB_BH322JDSXY_L4_312312.R2.fastp.fastq.gz,1gpu
cappelle_desprez_L3,/jic/archive/projects/watseq/ECS/pr-raw-watseq/WatSeq-modern_global_reads/data/modern_clean1/Cappelle-Desprez_9D38930RP3F302302PB_AH32CJDSXY_L3_302302.R1.fastp.fastq.gz,/jic/archive/projects/watseq/ECS/pr-raw-watseq/WatSeq-modern_global_reads/data/modern_clean1/Cappelle-Desprez_9D38930RP3F302302PB_AH32CJDSXY_L3_302302.R2.fastp.fastq.gz,1gpu
cappelle_desprez_L4,/jic/archive/projects/watseq/ECS/pr-raw-watseq/WatSeq-modern_global_reads/data/modern_clean1/Cappelle-Desprez_9D38930RP3F302302PB_AH33CYDSXY_L4_302302.R1.fastp.fastq.gz,/jic/archive/projects/watseq/ECS/pr-raw-watseq/WatSeq-modern_global_reads/data/modern_clean1/Cappelle-Desprez_9D38930RP3F302302PB_AH33CYDSXY_L4_302302.R2.fastp.fastq.gz,1gpu
cappelle_desprez_L4,/jic/archive/projects/watseq/ECS/pr-raw-watseq/WatSeq-modern_global_reads/data/modern_clean1/Cappelle-Desprez_9D38930RP3F302302PC_AH32CJDSXY_L4_302302.R1.fastp.fastq.gz,/jic/archive/projects/watseq/ECS/pr-raw-watseq/WatSeq-modern_global_reads/data/modern_clean1/Cappelle-Desprez_9D38930RP3F302302PC_AH32CJDSXY_L4_302302.R2.fastp.fastq.gz,1gpu
cappelle_desprez_L3,/jic/archive/projects/watseq/ECS/pr-raw-watseq/WatSeq-modern_global_reads/data/modern_clean1/Cappelle-Desprez_9D38930RP3F302302PC_AH33CYDSXY_L3_302302.R1.fastp.fastq.gz,/jic/archive/projects/watseq/ECS/pr-raw-watseq/WatSeq-modern_global_reads/data/modern_clean1/Cappelle-Desprez_9D38930RP3F302302PC_AH33CYDSXY_L3_302302.R2.fastp.fastq.gz,1gpu
captor_L2,/jic/archive/projects/watseq/ECS/pr-raw-watseq/WatSeq-modern_global_reads/data/modern_clean1/captor_9D38889RP3F361361PB_BH2WHTDSXY_L2_361361.R1.fastp.fastq.gz,/jic/archive/projects/watseq/ECS/pr-raw-watseq/WatSeq-modern_global_reads/data/modern_clean1/captor_9D38889RP3F361361PB_BH2WHTDSXY_L2_361361.R2.fastp.fastq.gz,1gpu
captor_L3,/jic/archive/projects/watseq/ECS/pr-raw-watseq/WatSeq-modern_global_reads/data/modern_clean1/captor_9D38889RP3F361361PB_BH2WHTDSXY_L3_361361.R1.fastp.fastq.gz,/jic/archive/projects/watseq/ECS/pr-raw-watseq/WatSeq-modern_global_reads/data/modern_clean1/captor_9D38889RP3F361361PB_BH2WHTDSXY_L3_361361.R2.fastp.fastq.gz,1gpu
captor_L4,/jic/archive/projects/watseq/ECS/pr-raw-watseq/WatSeq-modern_global_reads/data/modern_clean1/captor_9D38889RP3F361361PC_BH2WHTDSXY_L4_361361.R1.fastp.fastq.gz,/jic/archive/projects/watseq/ECS/pr-raw-watseq/WatSeq-modern_global_reads/data/modern_clean1/captor_9D38889RP3F361361PC_BH2WHTDSXY_L4_361361.R2.fastp.fastq.gz,1gpu
captor_L1,/jic/archive/projects/watseq/ECS/pr-raw-watseq/WatSeq-modern_global_reads/data/modern_clean1/captor_9D38889RP3F361361PC_BH32CVDSXY_L1_361361.R1.fastp.fastq.gz,/jic/archive/projects/watseq/ECS/pr-raw-watseq/WatSeq-modern_global_reads/data/modern_clean1/captor_9D38889RP3F361361PC_BH32CVDSXY_L1_361361.R2.fastp.fastq.gz,1gpu
catamaran_L01,/jic/archive/projects/watseq/My_Book_Duo/Catamaran_FP100001131BL_L01_529.R1.fastq.gz,/jic/archive/projects/watseq/My_Book_Duo/Catamaran_FP100001131BL_L01_529.R2.fastq.gz,1gpu
catamaran_L01,/jic/archive/projects/watseq/My_Book_Duo/Catamaran_FP100001131BL_L01_530.R1.fastq.gz,/jic/archive/projects/watseq/My_Book_Duo/Catamaran_FP100001131BL_L01_530.R2.fastq.gz,1gpu
cezanne_L3,/jic/archive/projects/watseq/ECS/pr-raw-watseq/WatSeq-modern_global_reads/data/modern_clean1/Cezanne_9D38859RP3F337337PB_AH32CJDSXY_L3_337337.R1.fastp.fastq.gz,/jic/archive/projects/watseq/ECS/pr-raw-watseq/WatSeq-modern_global_reads/data/modern_clean1/Cezanne_9D38859RP3F337337PB_AH32CJDSXY_L3_337337.R2.fastp.fastq.gz,1gpu
cezanne_L2,/jic/archive/projects/watseq/ECS/pr-raw-watseq/WatSeq-modern_global_reads/data/modern_clean1/Cezanne_9D38859RP3F337337PB_BH32CVDSXY_L2_337337.R1.fastp.fastq.gz,/jic/archive/projects/watseq/ECS/pr-raw-watseq/WatSeq-modern_global_reads/data/modern_clean1/Cezanne_9D38859RP3F337337PB_BH32CVDSXY_L2_337337.R2.fastp.fastq.gz,1gpu
cezanne_L4,/jic/archive/projects/watseq/ECS/pr-raw-watseq/WatSeq-modern_global_reads/data/modern_clean1/Cezanne_9D38859RP3F337337PC_AH32CJDSXY_L4_337337.R1.fastp.fastq.gz,/jic/archive/projects/watseq/ECS/pr-raw-watseq/WatSeq-modern_global_reads/data/modern_clean1/Cezanne_9D38859RP3F337337PC_AH32CJDSXY_L4_337337.R2.fastp.fastq.gz,1gpu
cezanne_L3,/jic/archive/projects/watseq/ECS/pr-raw-watseq/WatSeq-modern_global_reads/data/modern_clean1/Cezanne_9D38859RP3F337337PC_BH32CVDSXY_L3_337337.R1.fastp.fastq.gz,/jic/archive/projects/watseq/ECS/pr-raw-watseq/WatSeq-modern_global_reads/data/modern_clean1/Cezanne_9D38859RP3F337337PC_BH32CVDSXY_L3_337337.R2.fastp.fastq.gz,1gpu
cezanne_L3,/jic/archive/projects/watseq/My_Book_Duo/Cezanne_AH32CJDSXY_L3_337337.R1.fastq.gz,/jic/archive/projects/watseq/My_Book_Duo/Cezanne_AH32CJDSXY_L3_337337.R2.fastq.gz,1gpu
cezanne_L4,/jic/archive/projects/watseq/My_Book_Duo/Cezanne_AH32CJDSXY_L4_337337.R1.fastq.gz,/jic/archive/projects/watseq/My_Book_Duo/Cezanne_AH32CJDSXY_L4_337337.R2.fastq.gz,1gpu
cezanne_L2,/jic/archive/projects/watseq/My_Book_Duo/Cezanne_BH32CVDSXY_L2_337337.R1.fastq.gz,/jic/archive/projects/watseq/My_Book_Duo/Cezanne_BH32CVDSXY_L2_337337.R2.fastq.gz,1gpu
cezanne_L3,/jic/archive/projects/watseq/My_Book_Duo/Cezanne_BH32CVDSXY_L3_337337.R1.fastq.gz,/jic/archive/projects/watseq/My_Book_Duo/Cezanne_BH32CVDSXY_L3_337337.R2.fastq.gz,1gpu
charger_L2,/jic/archive/projects/watseq/ECS/pr-raw-watseq/WatSeq-modern_global_reads/data/modern_clean1/Charger_9D38923RP3F389389PA_AH33CYDSXY_L2_389389.R1.fastp.fastq.gz,/jic/archive/projects/watseq/ECS/pr-raw-watseq/WatSeq-modern_global_reads/data/modern_clean1/Charger_9D38923RP3F389389PA_AH33CYDSXY_L2_389389.R2.fastp.fastq.gz,1gpu
charger_L4,/jic/archive/projects/watseq/ECS/pr-raw-watseq/WatSeq-modern_global_reads/data/modern_clean1/Charger_9D38923RP3F389389PA_AH33CYDSXY_L4_389389.R1.fastp.fastq.gz,/jic/archive/projects/watseq/ECS/pr-raw-watseq/WatSeq-modern_global_reads/data/modern_clean1/Charger_9D38923RP3F389389PA_AH33CYDSXY_L4_389389.R2.fastp.fastq.gz,1gpu
charger_L4,/jic/archive/projects/watseq/ECS/pr-raw-watseq/WatSeq-modern_global_reads/data/modern_clean1/Charger_9D38923RP3F389389PB_BH2WHTDSXY_L4_389389.R1.fastp.fastq.gz,/jic/archive/projects/watseq/ECS/pr-raw-watseq/WatSeq-modern_global_reads/data/modern_clean1/Charger_9D38923RP3F389389PB_BH2WHTDSXY_L4_389389.R2.fastp.fastq.gz,1gpu
claire_L01,/jic/archive/projects/watseq/My_Book_Duo/Claire_DP8400011375TR_L01_523.R1.fastq.gz,/jic/archive/projects/watseq/My_Book_Duo/Claire_DP8400011375TR_L01_523.R2.fastq.gz,1gpu
claire_L01,/jic/archive/projects/watseq/My_Book_Duo/Claire_DP8400011375TR_L01_524.R1.fastq.gz,/jic/archive/projects/watseq/My_Book_Duo/Claire_DP8400011375TR_L01_524.R2.fastq.gz,1gpu
consort_L01,/jic/archive/projects/watseq/My_Book_Duo/Consort_DP8400011547BL_L01_559.R1.fastq.gz,/jic/archive/projects/watseq/My_Book_Duo/Consort_DP8400011547BL_L01_559.R2.fastq.gz,1gpu
consort_L01,/jic/archive/projects/watseq/My_Book_Duo/Consort_DP8400011547BL_L01_560.R1.fastq.gz,/jic/archive/projects/watseq/My_Book_Duo/Consort_DP8400011547BL_L01_560.R2.fastq.gz,1gpu
courtot_L4,/jic/archive/projects/watseq/ECS/pr-raw-watseq/WatSeq-modern_global_reads/data/modern_clean1/Courtot_9D38841RP3F329329PC_AH32TYDSXY_L4_329329.R1.fastp.fastq.gz,/jic/archive/projects/watseq/ECS/pr-raw-watseq/WatSeq-modern_global_reads/data/modern_clean1/Courtot_9D38841RP3F329329PC_AH32TYDSXY_L4_329329.R2.fastp.fastq.gz,1gpu
courtot_L2,/jic/archive/projects/watseq/ECS/pr-raw-watseq/WatSeq-modern_global_reads/data/modern_clean1/Courtot_9D38841RP3F371371PB_AH2WKGDSXY_L2_371371.R1.fastp.fastq.gz,/jic/archive/projects/watseq/ECS/pr-raw-watseq/WatSeq-modern_global_reads/data/modern_clean1/Courtot_9D38841RP3F371371PB_AH2WKGDSXY_L2_371371.R2.fastp.fastq.gz,1gpu
crest_L01,/jic/archive/projects/watseq/My_Book_Duo/Crest_DP8400011657BL_L01_547.R1.fastq.gz,/jic/archive/projects/watseq/My_Book_Duo/Crest_DP8400011657BL_L01_547.R2.fastq.gz,1gpu
crest_L01,/jic/archive/projects/watseq/My_Book_Duo/Crest_DP8400011657BL_L01_548.R1.fastq.gz,/jic/archive/projects/watseq/My_Book_Duo/Crest_DP8400011657BL_L01_548.R2.fastq.gz,1gpu
crest_L01,/jic/archive/projects/watseq/My_Book_Duo/Crest_FP200000081BL_L01_583.R1.fastq.gz,/jic/archive/projects/watseq/My_Book_Duo/Crest_FP200000081BL_L01_583.R2.fastq.gz,1gpu
crusoe_L4,/jic/archive/projects/watseq/ECS/pr-raw-watseq/WatSeq-modern_global_reads/data/modern_clean1/Crusoe_9D38903RP3F374374PB_AH32H3DSXY_L4_374374.R1.fastp.fastq.gz,/jic/archive/projects/watseq/ECS/pr-raw-watseq/WatSeq-modern_global_reads/data/modern_clean1/Crusoe_9D38903RP3F374374PB_AH32H3DSXY_L4_374374.R2.fastp.fastq.gz,1gpu
crusoe_L3,/jic/archive/projects/watseq/ECS/pr-raw-watseq/WatSeq-modern_global_reads/data/modern_clean1/Crusoe_9D38903RP3F374374PC_AH32CJDSXY_L3_374374.R1.fastp.fastq.gz,/jic/archive/projects/watseq/ECS/pr-raw-watseq/WatSeq-modern_global_reads/data/modern_clean1/Crusoe_9D38903RP3F374374PC_AH32CJDSXY_L3_374374.R2.fastp.fastq.gz,1gpu
crusoe_L1,/jic/archive/projects/watseq/ECS/pr-raw-watseq/WatSeq-modern_global_reads/data/modern_clean1/Crusoe_9D38903RP3F374374PC_BH2WHTDSXY_L1_374374.R1.fastp.fastq.gz,/jic/archive/projects/watseq/ECS/pr-raw-watseq/WatSeq-modern_global_reads/data/modern_clean1/Crusoe_9D38903RP3F374374PC_BH2WHTDSXY_L1_374374.R2.fastp.fastq.gz,1gpu
david_L01,/jic/archive/projects/watseq/My_Book_Duo/david_DP8400011657BL_L01_543.R1.fastq.gz,/jic/archive/projects/watseq/My_Book_Duo/david_DP8400011657BL_L01_543.R2.fastq.gz,1gpu
david_L01,/jic/archive/projects/watseq/My_Book_Duo/david_DP8400011657BL_L01_544.R1.fastq.gz,/jic/archive/projects/watseq/My_Book_Duo/david_DP8400011657BL_L01_544.R2.fastq.gz,1gpu
diablo_L01,/jic/archive/projects/watseq/My_Book_Duo/Diablo_DP8400011547BL_L01_563.R1.fastq.gz,/jic/archive/projects/watseq/My_Book_Duo/Diablo_DP8400011547BL_L01_563.R2.fastq.gz,1gpu
diablo_L01,/jic/archive/projects/watseq/My_Book_Duo/Diablo_DP8400011547BL_L01_564.R1.fastq.gz,/jic/archive/projects/watseq/My_Book_Duo/Diablo_DP8400011547BL_L01_564.R2.fastq.gz,1gpu
diplomat_L1,/jic/archive/projects/watseq/ECS/pr-raw-watseq/WatSeq-modern_global_reads/data/modern_clean1/Diplomat_9D38829RP3F320320PA_AH2YKCDSXY_L1_320320.R1.fastp.fastq.gz,/jic/archive/projects/watseq/ECS/pr-raw-watseq/WatSeq-modern_global_reads/data/modern_clean1/Diplomat_9D38829RP3F320320PA_AH2YKCDSXY_L1_320320.R2.fastp.fastq.gz,1gpu
diplomat_L4,/jic/archive/projects/watseq/ECS/pr-raw-watseq/WatSeq-modern_global_reads/data/modern_clean1/Diplomat_9D38829RP3F320320PA_AH32FKDSXY_L4_320320.R1.fastp.fastq.gz,/jic/archive/projects/watseq/ECS/pr-raw-watseq/WatSeq-modern_global_reads/data/modern_clean1/Diplomat_9D38829RP3F320320PA_AH32FKDSXY_L4_320320.R2.fastp.fastq.gz,1gpu
diplomat_L1,/jic/archive/projects/watseq/ECS/pr-raw-watseq/WatSeq-modern_global_reads/data/modern_clean1/Diplomat_9D38829RP3F361361PB_AH2YKCDSXY_L1_361361.R1.fastp.fastq.gz,/jic/archive/projects/watseq/ECS/pr-raw-watseq/WatSeq-modern_global_reads/data/modern_clean1/Diplomat_9D38829RP3F361361PB_AH2YKCDSXY_L1_361361.R2.fastp.fastq.gz,1gpu
disponent_L01,/jic/archive/projects/watseq/My_Book_Duo/Disponent_DP8400011550BR_L01_595.R1.fastq.gz,/jic/archive/projects/watseq/My_Book_Duo/Disponent_DP8400011550BR_L01_595.R2.fastq.gz,1gpu
disponent_L01,/jic/archive/projects/watseq/My_Book_Duo/Disponent_DP8400011550BR_L01_596.R1.fastq.gz,/jic/archive/projects/watseq/My_Book_Duo/Disponent_DP8400011550BR_L01_596.R2.fastq.gz,1gpu
dorby_L01,/jic/archive/projects/watseq/My_Book_Duo/Dorby_FP100001131BL_L01_531.R1.fastq.gz,/jic/archive/projects/watseq/My_Book_Duo/Dorby_FP100001131BL_L01_531.R2.fastq.gz,1gpu
dorby_L01,/jic/archive/projects/watseq/My_Book_Duo/Dorby_FP100001131BL_L01_532.R1.fastq.gz,/jic/archive/projects/watseq/My_Book_Duo/Dorby_FP100001131BL_L01_532.R2.fastq.gz,1gpu
drake_L01,/jic/archive/projects/watseq/My_Book_Duo/Drake_DP8400011526TL_L01_557.R1.fastq.gz,/jic/archive/projects/watseq/My_Book_Duo/Drake_DP8400011526TL_L01_557.R2.fastq.gz,1gpu
drake_L01,/jic/archive/projects/watseq/My_Book_Duo/Drake_DP8400011526TL_L01_558.R1.fastq.gz,/jic/archive/projects/watseq/My_Book_Duo/Drake_DP8400011526TL_L01_558.R2.fastq.gz,1gpu
drake_L01,/jic/archive/projects/watseq/My_Book_Duo/Drake_DP8400011698BL_L01_557.R1.fastq.gz,/jic/archive/projects/watseq/My_Book_Duo/Drake_DP8400011698BL_L01_557.R2.fastq.gz,1gpu
drake_L01,/jic/archive/projects/watseq/My_Book_Duo/Drake_DP8400011698BL_L01_558.R1.fastq.gz,/jic/archive/projects/watseq/My_Book_Duo/Drake_DP8400011698BL_L01_558.R2.fastq.gz,1gpu
drake_L01,/jic/archive/projects/watseq/My_Book_Duo/Drake_FP200000081BL_L01_557.R1.fastq.gz,/jic/archive/projects/watseq/My_Book_Duo/Drake_FP200000081BL_L01_557.R2.fastq.gz,1gpu
drake_L01,/jic/archive/projects/watseq/My_Book_Duo/Drake_FP200000081BL_L01_558.R1.fastq.gz,/jic/archive/projects/watseq/My_Book_Duo/Drake_FP200000081BL_L01_558.R2.fastq.gz,1gpu
drauhofener_kolben_L01,/jic/archive/projects/watseq/My_Book_Duo/Drauhofener_Kolben_DP8400011375TR_L01_525.R1.fastq.gz,/jic/archive/projects/watseq/My_Book_Duo/Drauhofener_Kolben_DP8400011375TR_L01_525.R2.fastq.gz,1gpu
drauhofener_kolben_L01,/jic/archive/projects/watseq/My_Book_Duo/Drauhofener_Kolben_DP8400011375TR_L01_526.R1.fastq.gz,/jic/archive/projects/watseq/My_Book_Duo/Drauhofener_Kolben_DP8400011375TR_L01_526.R2.fastq.gz,1gpu
druid_L01,/jic/archive/projects/watseq/My_Book_Duo/Druid_DP8400011528TL_L01_563.R1.fastq.gz,/jic/archive/projects/watseq/My_Book_Duo/Druid_DP8400011528TL_L01_563.R2.fastq.gz,1gpu
druid_L01,/jic/archive/projects/watseq/My_Book_Duo/Druid_DP8400011528TL_L01_564.R1.fastq.gz,/jic/archive/projects/watseq/My_Book_Duo/Druid_DP8400011528TL_L01_564.R2.fastq.gz,1gpu
eagle_L01,/jic/archive/projects/watseq/My_Book_Duo/eagle_FP100001184BR_L01_515.R1.fastq.gz,/jic/archive/projects/watseq/My_Book_Duo/eagle_FP100001184BR_L01_515.R2.fastq.gz,1gpu
eagle_L01,/jic/archive/projects/watseq/My_Book_Duo/eagle_FP100001184BR_L01_516.R1.fastq.gz,/jic/archive/projects/watseq/My_Book_Duo/eagle_FP100001184BR_L01_516.R2.fastq.gz,1gpu
encore_L01,/jic/archive/projects/watseq/My_Book_Duo/Encore_DP8400011550BR_L01_537.R1.fastq.gz,/jic/archive/projects/watseq/My_Book_Duo/Encore_DP8400011550BR_L01_537.R2.fastq.gz,1gpu
encore_L01,/jic/archive/projects/watseq/My_Book_Duo/Encore_DP8400011550BR_L01_538.R1.fastq.gz,/jic/archive/projects/watseq/My_Book_Duo/Encore_DP8400011550BR_L01_538.R2.fastq.gz,1gpu
equinox_L3,/jic/archive/projects/watseq/ECS/pr-raw-watseq/WatSeq-modern_global_reads/data/modern_clean1/Equinox_9D38888RP3F360360PB_AH32CJDSXY_L3_360360.R1.fastp.fastq.gz,/jic/archive/projects/watseq/ECS/pr-raw-watseq/WatSeq-modern_global_reads/data/modern_clean1/Equinox_9D38888RP3F360360PB_AH32CJDSXY_L3_360360.R2.fastp.fastq.gz,1gpu
equinox_L2,/jic/archive/projects/watseq/ECS/pr-raw-watseq/WatSeq-modern_global_reads/data/modern_clean1/Equinox_9D38888RP3F360360PB_BH2WHTDSXY_L2_360360.R1.fastp.fastq.gz,/jic/archive/projects/watseq/ECS/pr-raw-watseq/WatSeq-modern_global_reads/data/modern_clean1/Equinox_9D38888RP3F360360PB_BH2WHTDSXY_L2_360360.R2.fastp.fastq.gz,1gpu
equinox_L4,/jic/archive/projects/watseq/ECS/pr-raw-watseq/WatSeq-modern_global_reads/data/modern_clean1/Equinox_9D38888RP3F360360PC_AH32CJDSXY_L4_360360.R1.fastp.fastq.gz,/jic/archive/projects/watseq/ECS/pr-raw-watseq/WatSeq-modern_global_reads/data/modern_clean1/Equinox_9D38888RP3F360360PC_AH32CJDSXY_L4_360360.R2.fastp.fastq.gz,1gpu
equinox_L3,/jic/archive/projects/watseq/ECS/pr-raw-watseq/WatSeq-modern_global_reads/data/modern_clean1/Equinox_9D38888RP3F360360PC_BH2WHTDSXY_L3_360360.R1.fastp.fastq.gz,/jic/archive/projects/watseq/ECS/pr-raw-watseq/WatSeq-modern_global_reads/data/modern_clean1/Equinox_9D38888RP3F360360PC_BH2WHTDSXY_L3_360360.R2.fastp.fastq.gz,1gpu
ergo_L01,/jic/archive/projects/watseq/My_Book_Duo/Ergo_DP8400011681BR_L01_505.R1.fastq.gz,/jic/archive/projects/watseq/My_Book_Duo/Ergo_DP8400011681BR_L01_505.R2.fastq.gz,1gpu
ergo_L01,/jic/archive/projects/watseq/My_Book_Duo/Ergo_DP8400011681BR_L01_506.R1.fastq.gz,/jic/archive/projects/watseq/My_Book_Duo/Ergo_DP8400011681BR_L01_506.R2.fastq.gz,1gpu
erla_kolben_L3,/jic/archive/projects/watseq/ECS/pr-raw-watseq/WatSeq-modern_global_reads/data/modern_clean1/Erla-Kolben_9D38874RP3F345345PB_AH32CJDSXY_L3_345345.R1.fastp.fastq.gz,/jic/archive/projects/watseq/ECS/pr-raw-watseq/WatSeq-modern_global_reads/data/modern_clean1/Erla-Kolben_9D38874RP3F345345PB_AH32CJDSXY_L3_345345.R2.fastp.fastq.gz,1gpu
erla_kolben_L3,/jic/archive/projects/watseq/ECS/pr-raw-watseq/WatSeq-modern_global_reads/data/modern_clean1/Erla-Kolben_9D38874RP3F345345PB_BH32CVDSXY_L3_345345.R1.fastp.fastq.gz,/jic/archive/projects/watseq/ECS/pr-raw-watseq/WatSeq-modern_global_reads/data/modern_clean1/Erla-Kolben_9D38874RP3F345345PB_BH32CVDSXY_L3_345345.R2.fastp.fastq.gz,1gpu
erla_kolben_L2,/jic/archive/projects/watseq/ECS/pr-raw-watseq/WatSeq-modern_global_reads/data/modern_clean1/Erla-Kolben_9D38874RP3F345345PC_BH32CVDSXY_L2_345345.R1.fastp.fastq.gz,/jic/archive/projects/watseq/ECS/pr-raw-watseq/WatSeq-modern_global_reads/data/modern_clean1/Erla-Kolben_9D38874RP3F345345PC_BH32CVDSXY_L2_345345.R2.fastp.fastq.gz,1gpu
erland_L01,/jic/archive/projects/watseq/My_Book_Duo/Erland_FP100001184BR_L01_521.R1.fastq.gz,/jic/archive/projects/watseq/My_Book_Duo/Erland_FP100001184BR_L01_521.R2.fastq.gz,1gpu
erland_L01,/jic/archive/projects/watseq/My_Book_Duo/Erland_FP100001184BR_L01_522.R1.fastq.gz,/jic/archive/projects/watseq/My_Book_Duo/Erland_FP100001184BR_L01_522.R2.fastq.gz,1gpu
eros_L1,/jic/archive/projects/watseq/ECS/pr-raw-watseq/WatSeq-modern_global_reads/data/modern_clean1/Eros_9D38882RP3F352352PB_AH32H3DSXY_L1_352352.R1.fastp.fastq.gz,/jic/archive/projects/watseq/ECS/pr-raw-watseq/WatSeq-modern_global_reads/data/modern_clean1/Eros_9D38882RP3F352352PB_AH32H3DSXY_L1_352352.R2.fastp.fastq.gz,1gpu
eros_L3,/jic/archive/projects/watseq/ECS/pr-raw-watseq/WatSeq-modern_global_reads/data/modern_clean1/Eros_9D38882RP3F352352PC_AH32CJDSXY_L3_352352.R1.fastp.fastq.gz,/jic/archive/projects/watseq/ECS/pr-raw-watseq/WatSeq-modern_global_reads/data/modern_clean1/Eros_9D38882RP3F352352PC_AH32CJDSXY_L3_352352.R2.fastp.fastq.gz,1gpu
eros_L4,/jic/archive/projects/watseq/ECS/pr-raw-watseq/WatSeq-modern_global_reads/data/modern_clean1/Eros_9D38882RP3F352352PC_BH32CVDSXY_L4_352352.R1.fastp.fastq.gz,/jic/archive/projects/watseq/ECS/pr-raw-watseq/WatSeq-modern_global_reads/data/modern_clean1/Eros_9D38882RP3F352352PC_BH32CVDSXY_L4_352352.R2.fastp.fastq.gz,1gpu
expert_L01,/jic/archive/projects/watseq/My_Book_Duo/Expert_DP8400011375TR_L01_519.R1.fastq.gz,/jic/archive/projects/watseq/My_Book_Duo/Expert_DP8400011375TR_L01_519.R2.fastq.gz,1gpu
expert_L01,/jic/archive/projects/watseq/My_Book_Duo/Expert_DP8400011375TR_L01_520.R1.fastq.gz,/jic/archive/projects/watseq/My_Book_Duo/Expert_DP8400011375TR_L01_520.R2.fastq.gz,1gpu
extrem_L4,/jic/archive/projects/watseq/ECS/pr-raw-watseq/WatSeq-modern_global_reads/data/modern_clean1/Extrem_9D38875RP3F329329PB_BH322JDSXY_L4_329329.R1.fastp.fastq.gz,/jic/archive/projects/watseq/ECS/pr-raw-watseq/WatSeq-modern_global_reads/data/modern_clean1/Extrem_9D38875RP3F329329PB_BH322JDSXY_L4_329329.R2.fastp.fastq.gz,1gpu
extrem_L3,/jic/archive/projects/watseq/ECS/pr-raw-watseq/WatSeq-modern_global_reads/data/modern_clean1/Extrem_9D38875RP3F329329PC_AH32CJDSXY_L3_329329.R1.fastp.fastq.gz,/jic/archive/projects/watseq/ECS/pr-raw-watseq/WatSeq-modern_global_reads/data/modern_clean1/Extrem_9D38875RP3F329329PC_AH32CJDSXY_L3_329329.R2.fastp.fastq.gz,1gpu
extrem_L2,/jic/archive/projects/watseq/ECS/pr-raw-watseq/WatSeq-modern_global_reads/data/modern_clean1/Extrem_9D38875RP3F329329PC_AH33CYDSXY_L2_329329.R1.fastp.fastq.gz,/jic/archive/projects/watseq/ECS/pr-raw-watseq/WatSeq-modern_global_reads/data/modern_clean1/Extrem_9D38875RP3F329329PC_AH33CYDSXY_L2_329329.R2.fastp.fastq.gz,1gpu
fanal_L4,/jic/archive/projects/watseq/ECS/pr-raw-watseq/WatSeq-modern_global_reads/data/modern_clean1/Fanal_9D38883RP3F353353PA_BH32CVDSXY_L4_353353.R1.fastp.fastq.gz,/jic/archive/projects/watseq/ECS/pr-raw-watseq/WatSeq-modern_global_reads/data/modern_clean1/Fanal_9D38883RP3F353353PA_BH32CVDSXY_L4_353353.R2.fastp.fastq.gz,1gpu
fanal_L1,/jic/archive/projects/watseq/ECS/pr-raw-watseq/WatSeq-modern_global_reads/data/modern_clean1/Fanal_9D38883RP3F353353PB_AH32H3DSXY_L1_353353.R1.fastp.fastq.gz,/jic/archive/projects/watseq/ECS/pr-raw-watseq/WatSeq-modern_global_reads/data/modern_clean1/Fanal_9D38883RP3F353353PB_AH32H3DSXY_L1_353353.R2.fastp.fastq.gz,1gpu
felix_L01,/jic/archive/projects/watseq/My_Book_Duo/Felix_FP100001187BR_L01_515.R1.fastq.gz,/jic/archive/projects/watseq/My_Book_Duo/Felix_FP100001187BR_L01_515.R2.fastq.gz,1gpu
felix_L01,/jic/archive/projects/watseq/My_Book_Duo/Felix_FP100001187BR_L01_516.R1.fastq.gz,/jic/archive/projects/watseq/My_Book_Duo/Felix_FP100001187BR_L01_516.R2.fastq.gz,1gpu
festival_L01,/jic/archive/projects/watseq/My_Book_Duo/festival_FP100001188BR_L01_507.R1.fastq.gz,/jic/archive/projects/watseq/My_Book_Duo/festival_FP100001188BR_L01_507.R2.fastq.gz,1gpu
festival_L01,/jic/archive/projects/watseq/My_Book_Duo/festival_FP100001188BR_L01_508.R1.fastq.gz,/jic/archive/projects/watseq/My_Book_Duo/festival_FP100001188BR_L01_508.R2.fastq.gz,1gpu
fidel_L01,/jic/archive/projects/watseq/My_Book_Duo/fidel_DP8400011718TR_L01_555.R1.fastq.gz,/jic/archive/projects/watseq/My_Book_Duo/fidel_DP8400011718TR_L01_555.R2.fastq.gz,1gpu
fidel_L01,/jic/archive/projects/watseq/My_Book_Duo/fidel_DP8400011718TR_L01_556.R1.fastq.gz,/jic/archive/projects/watseq/My_Book_Duo/fidel_DP8400011718TR_L01_556.R2.fastq.gz,1gpu
fielder_L01,/jic/archive/projects/watseq/My_Book_Duo/fielder_DP8400011549BR_L01_545.R1.fastq.gz,/jic/archive/projects/watseq/My_Book_Duo/fielder_DP8400011549BR_L01_545.R2.fastq.gz,1gpu
fielder_L01,/jic/archive/projects/watseq/My_Book_Duo/fielder_DP8400011549BR_L01_546.R1.fastq.gz,/jic/archive/projects/watseq/My_Book_Duo/fielder_DP8400011549BR_L01_546.R2.fastq.gz,1gpu
fielder_L01,/jic/archive/projects/watseq/My_Book_Duo/fielder_DP8400011657BL_L01_545.R1.fastq.gz,/jic/archive/projects/watseq/My_Book_Duo/fielder_DP8400011657BL_L01_545.R2.fastq.gz,1gpu
fielder_L01,/jic/archive/projects/watseq/My_Book_Duo/fielder_DP8400011657BL_L01_546.R1.fastq.gz,/jic/archive/projects/watseq/My_Book_Duo/fielder_DP8400011657BL_L01_546.R2.fastq.gz,1gpu
flair_L4,/jic/archive/projects/watseq/ECS/pr-raw-watseq/WatSeq-modern_global_reads/data/modern_clean1/Flair_9D38877RP3F317317PB_BH322JDSXY_L4_317317.R1.fastp.fastq.gz,/jic/archive/projects/watseq/ECS/pr-raw-watseq/WatSeq-modern_global_reads/data/modern_clean1/Flair_9D38877RP3F317317PB_BH322JDSXY_L4_317317.R2.fastp.fastq.gz,1gpu
flair_L1,/jic/archive/projects/watseq/ECS/pr-raw-watseq/WatSeq-modern_global_reads/data/modern_clean1/Flair_9D38877RP3F317317PC_AH33CYDSXY_L1_317317.R1.fastp.fastq.gz,/jic/archive/projects/watseq/ECS/pr-raw-watseq/WatSeq-modern_global_reads/data/modern_clean1/Flair_9D38877RP3F317317PC_AH33CYDSXY_L1_317317.R2.fastp.fastq.gz,1gpu
flame_L1,/jic/archive/projects/watseq/ECS/pr-raw-watseq/WatSeq-modern_global_reads/data/modern_clean1/Flame_9D38856RP3F304304PA_BH322JDSXY_L1_304304.R1.fastp.fastq.gz,/jic/archive/projects/watseq/ECS/pr-raw-watseq/WatSeq-modern_global_reads/data/modern_clean1/Flame_9D38856RP3F304304PA_BH322JDSXY_L1_304304.R2.fastp.fastq.gz,1gpu
flame_L1,/jic/archive/projects/watseq/ECS/pr-raw-watseq/WatSeq-modern_global_reads/data/modern_clean1/Flame_9D38856RP3F304304PB_AH33CYDSXY_L1_304304.R1.fastp.fastq.gz,/jic/archive/projects/watseq/ECS/pr-raw-watseq/WatSeq-modern_global_reads/data/modern_clean1/Flame_9D38856RP3F304304PB_AH33CYDSXY_L1_304304.R2.fastp.fastq.gz,1gpu
flamingo_L1,/jic/archive/projects/watseq/ECS/pr-raw-watseq/WatSeq-modern_global_reads/data/modern_clean1/Flamingo_9D38816RP3F308308PA_BH32KHDSXY_L1_308308.R1.fastp.fastq.gz,/jic/archive/projects/watseq/ECS/pr-raw-watseq/WatSeq-modern_global_reads/data/modern_clean1/Flamingo_9D38816RP3F308308PA_BH32KHDSXY_L1_308308.R2.fastp.fastq.gz,1gpu
flamingo_L2,/jic/archive/projects/watseq/ECS/pr-raw-watseq/WatSeq-modern_global_reads/data/modern_clean1/Flamingo_9D38816RP3F308308PA_BHYV5TDSXX_L2_308308.R1.fastp.fastq.gz,/jic/archive/projects/watseq/ECS/pr-raw-watseq/WatSeq-modern_global_reads/data/modern_clean1/Flamingo_9D38816RP3F308308PA_BHYV5TDSXX_L2_308308.R2.fastp.fastq.gz,1gpu
flamingo_L2,/jic/archive/projects/watseq/ECS/pr-raw-watseq/WatSeq-modern_global_reads/data/modern_clean1/Flamingo_9D38816RP3F351351PB_BHYV5TDSXX_L2_351351.R1.fastp.fastq.gz,/jic/archive/projects/watseq/ECS/pr-raw-watseq/WatSeq-modern_global_reads/data/modern_clean1/Flamingo_9D38816RP3F351351PB_BHYV5TDSXX_L2_351351.R2.fastp.fastq.gz,1gpu
florida_L3,/jic/archive/projects/watseq/ECS/pr-raw-watseq/WatSeq-modern_global_reads/data/modern_clean1/Florida_9D38852RP3F314314PB_AH33CYDSXY_L3_314314.R1.fastp.fastq.gz,/jic/archive/projects/watseq/ECS/pr-raw-watseq/WatSeq-modern_global_reads/data/modern_clean1/Florida_9D38852RP3F314314PB_AH33CYDSXY_L3_314314.R2.fastp.fastq.gz,1gpu
florida_L3,/jic/archive/projects/watseq/ECS/pr-raw-watseq/WatSeq-modern_global_reads/data/modern_clean1/Florida_9D38852RP3F314314PC_BH322JDSXY_L3_314314.R1.fastp.fastq.gz,/jic/archive/projects/watseq/ECS/pr-raw-watseq/WatSeq-modern_global_reads/data/modern_clean1/Florida_9D38852RP3F314314PC_BH322JDSXY_L3_314314.R2.fastp.fastq.gz,1gpu
gabo_L4,/jic/archive/projects/watseq/ECS/pr-raw-watseq/WatSeq-modern_global_reads/data/modern_clean1/Gabo_9D38900RP3F371371PB_AH32H3DSXY_L4_371371.R1.fastp.fastq.gz,/jic/archive/projects/watseq/ECS/pr-raw-watseq/WatSeq-modern_global_reads/data/modern_clean1/Gabo_9D38900RP3F371371PB_AH32H3DSXY_L4_371371.R2.fastp.fastq.gz,1gpu
gabo_L1,/jic/archive/projects/watseq/ECS/pr-raw-watseq/WatSeq-modern_global_reads/data/modern_clean1/Gabo_9D38900RP3F371371PC_BH2WHTDSXY_L1_371371.R1.fastp.fastq.gz,/jic/archive/projects/watseq/ECS/pr-raw-watseq/WatSeq-modern_global_reads/data/modern_clean1/Gabo_9D38900RP3F371371PC_BH2WHTDSXY_L1_371371.R2.fastp.fastq.gz,1gpu
galahad_L01,/jic/archive/projects/watseq/My_Book_Duo/Galahad_DP8400011547BL_L01_565.R1.fastq.gz,/jic/archive/projects/watseq/My_Book_Duo/Galahad_DP8400011547BL_L01_565.R2.fastq.gz,1gpu
galahad_L01,/jic/archive/projects/watseq/My_Book_Duo/Galahad_DP8400011547BL_L01_566.R1.fastq.gz,/jic/archive/projects/watseq/My_Book_Duo/Galahad_DP8400011547BL_L01_566.R2.fastq.gz,1gpu
gawain_L01,/jic/archive/projects/watseq/My_Book_Duo/Gawain_FP100001189BR_L01_517.R1.fastq.gz,/jic/archive/projects/watseq/My_Book_Duo/Gawain_FP100001189BR_L01_517.R2.fastq.gz,1gpu
gawain_L01,/jic/archive/projects/watseq/My_Book_Duo/Gawain_FP100001189BR_L01_518.R1.fastq.gz,/jic/archive/projects/watseq/My_Book_Duo/Gawain_FP100001189BR_L01_518.R2.fastq.gz,1gpu
granada_L01,/jic/archive/projects/watseq/My_Book_Duo/Granada_DP8400011545BL_L01_535.R1.fastq.gz,/jic/archive/projects/watseq/My_Book_Duo/Granada_DP8400011545BL_L01_535.R2.fastq.gz,1gpu
granada_L01,/jic/archive/projects/watseq/My_Book_Duo/Granada_DP8400011545BL_L01_536.R1.fastq.gz,/jic/archive/projects/watseq/My_Book_Duo/Granada_DP8400011545BL_L01_536.R2.fastq.gz,1gpu
haven_L01,/jic/archive/projects/watseq/My_Book_Duo/Haven_FP100001188BR_L01_503.R1.fastq.gz,/jic/archive/projects/watseq/My_Book_Duo/Haven_FP100001188BR_L01_503.R2.fastq.gz,1gpu
haven_L01,/jic/archive/projects/watseq/My_Book_Duo/Haven_FP100001188BR_L01_504.R1.fastq.gz,/jic/archive/projects/watseq/My_Book_Duo/Haven_FP100001188BR_L01_504.R2.fastq.gz,1gpu
heine_7_L01,/jic/archive/projects/watseq/My_Book_Duo/Heine_7_DP8400011547BL_L01_561.R1.fastq.gz,/jic/archive/projects/watseq/My_Book_Duo/Heine_7_DP8400011547BL_L01_561.R2.fastq.gz,1gpu
heine_7_L01,/jic/archive/projects/watseq/My_Book_Duo/Heine_7_DP8400011547BL_L01_562.R1.fastq.gz,/jic/archive/projects/watseq/My_Book_Duo/Heine_7_DP8400011547BL_L01_562.R2.fastq.gz,1gpu
hereward_L1,/jic/archive/projects/watseq/ECS/pr-raw-watseq/WatSeq-modern_global_reads/data/modern_clean1/Hereward_9D38857RP3F336336PB_AH33CYDSXY_L1_336336.R1.fastp.fastq.gz,/jic/archive/projects/watseq/ECS/pr-raw-watseq/WatSeq-modern_global_reads/data/modern_clean1/Hereward_9D38857RP3F336336PB_AH33CYDSXY_L1_336336.R2.fastp.fastq.gz,1gpu
hereward_L2,/jic/archive/projects/watseq/ECS/pr-raw-watseq/WatSeq-modern_global_reads/data/modern_clean1/Hereward_9D38857RP3F336336PC_BH32CVDSXY_L2_336336.R1.fastp.fastq.gz,/jic/archive/projects/watseq/ECS/pr-raw-watseq/WatSeq-modern_global_reads/data/modern_clean1/Hereward_9D38857RP3F336336PC_BH32CVDSXY_L2_336336.R2.fastp.fastq.gz,1gpu
hereward_L3,/jic/archive/projects/watseq/ECS/pr-raw-watseq/WatSeq-modern_global_reads/data/modern_clean1/Hereward_9D38857RP3F336336PC_BH32CVDSXY_L3_336336.R1.fastp.fastq.gz,/jic/archive/projects/watseq/ECS/pr-raw-watseq/WatSeq-modern_global_reads/data/modern_clean1/Hereward_9D38857RP3F336336PC_BH32CVDSXY_L3_336336.R2.fastp.fastq.gz,1gpu
hobbit_L2,/jic/archive/projects/watseq/ECS/pr-raw-watseq/WatSeq-modern_global_reads/data/modern_clean1/Hobbit_9D38835RP3F343343PC_AH33CYDSXY_L2_343343.R1.fastp.fastq.gz,/jic/archive/projects/watseq/ECS/pr-raw-watseq/WatSeq-modern_global_reads/data/modern_clean1/Hobbit_9D38835RP3F343343PC_AH33CYDSXY_L2_343343.R2.fastp.fastq.gz,1gpu
hobbit_L3,/jic/archive/projects/watseq/ECS/pr-raw-watseq/WatSeq-modern_global_reads/data/modern_clean1/Hobbit_9D38835RP3F386386PB_AH33CYDSXY_L3_386386.R1.fastp.fastq.gz,/jic/archive/projects/watseq/ECS/pr-raw-watseq/WatSeq-modern_global_reads/data/modern_clean1/Hobbit_9D38835RP3F386386PB_AH33CYDSXY_L3_386386.R2.fastp.fastq.gz,1gpu
holdfast_L2,/jic/archive/projects/watseq/ECS/pr-raw-watseq/WatSeq-modern_global_reads/data/modern_clean1/Holdfast_9D38824RP3F321321PC_BH32K2DSXY_L2_321321.R1.fastp.fastq.gz,/jic/archive/projects/watseq/ECS/pr-raw-watseq/WatSeq-modern_global_reads/data/modern_clean1/Holdfast_9D38824RP3F321321PC_BH32K2DSXY_L2_321321.R2.fastp.fastq.gz,1gpu
holdfast_L4,/jic/archive/projects/watseq/ECS/pr-raw-watseq/WatSeq-modern_global_reads/data/modern_clean1/Holdfast_9D38824RP3F321321PC_BHYV5TDSXX_L4_321321.R1.fastp.fastq.gz,/jic/archive/projects/watseq/ECS/pr-raw-watseq/WatSeq-modern_global_reads/data/modern_clean1/Holdfast_9D38824RP3F321321PC_BHYV5TDSXX_L4_321321.R2.fastp.fastq.gz,1gpu
holdfast_L4,/jic/archive/projects/watseq/ECS/pr-raw-watseq/WatSeq-modern_global_reads/data/modern_clean1/Holdfast_9D38824RP3F363363PB_BHYV5TDSXX_L4_363363.R1.fastp.fastq.gz,/jic/archive/projects/watseq/ECS/pr-raw-watseq/WatSeq-modern_global_reads/data/modern_clean1/Holdfast_9D38824RP3F363363PB_BHYV5TDSXX_L4_363363.R2.fastp.fastq.gz,1gpu
holster_L01,/jic/archive/projects/watseq/My_Book_Duo/holster_DP8400011551BR_L01_589.R1.fastq.gz,/jic/archive/projects/watseq/My_Book_Duo/holster_DP8400011551BR_L01_589.R2.fastq.gz,1gpu
holster_L01,/jic/archive/projects/watseq/My_Book_Duo/holster_DP8400011551BR_L01_590.R1.fastq.gz,/jic/archive/projects/watseq/My_Book_Duo/holster_DP8400011551BR_L01_590.R2.fastq.gz,1gpu
hybrid_46_L3,/jic/archive/projects/watseq/ECS/pr-raw-watseq/WatSeq-modern_global_reads/data/modern_clean1/Hybrid46_9D38820RP3F332332PA_BHYV5TDSXX_L3_332332.R1.fastp.fastq.gz,/jic/archive/projects/watseq/ECS/pr-raw-watseq/WatSeq-modern_global_reads/data/modern_clean1/Hybrid46_9D38820RP3F332332PA_BHYV5TDSXX_L3_332332.R2.fastp.fastq.gz,1gpu
hybrid_46_L2,/jic/archive/projects/watseq/ECS/pr-raw-watseq/WatSeq-modern_global_reads/data/modern_clean1/Hybrid46_9D38820RP3F373373PB_AH325HDSXY_L2_373373.R1.fastp.fastq.gz,/jic/archive/projects/watseq/ECS/pr-raw-watseq/WatSeq-modern_global_reads/data/modern_clean1/Hybrid46_9D38820RP3F373373PB_AH325HDSXY_L2_373373.R2.fastp.fastq.gz,1gpu
hybrid_46_L3,/jic/archive/projects/watseq/ECS/pr-raw-watseq/WatSeq-modern_global_reads/data/modern_clean1/Hybrid46_9D38820RP3F373373PB_BHYV5TDSXX_L3_373373.R1.fastp.fastq.gz,/jic/archive/projects/watseq/ECS/pr-raw-watseq/WatSeq-modern_global_reads/data/modern_clean1/Hybrid46_9D38820RP3F373373PB_BHYV5TDSXX_L3_373373.R2.fastp.fastq.gz,1gpu
ibis_L01,/jic/archive/projects/watseq/My_Book_Duo/Ibis_DP8400011548BL_L01_579.R1.fastq.gz,/jic/archive/projects/watseq/My_Book_Duo/Ibis_DP8400011548BL_L01_579.R2.fastq.gz,1gpu
ibis_L01,/jic/archive/projects/watseq/My_Book_Duo/Ibis_DP8400011548BL_L01_580.R1.fastq.gz,/jic/archive/projects/watseq/My_Book_Duo/Ibis_DP8400011548BL_L01_580.R2.fastq.gz,1gpu
iena_L3,/jic/archive/projects/watseq/ECS/pr-raw-watseq/WatSeq-modern_global_reads/data/modern_clean1/Iena_9D38869RP3F341341PA_AH32CJDSXY_L3_341341.R1.fastp.fastq.gz,/jic/archive/projects/watseq/ECS/pr-raw-watseq/WatSeq-modern_global_reads/data/modern_clean1/Iena_9D38869RP3F341341PA_AH32CJDSXY_L3_341341.R2.fastp.fastq.gz,1gpu
iena_L2,/jic/archive/projects/watseq/ECS/pr-raw-watseq/WatSeq-modern_global_reads/data/modern_clean1/Iena_9D38869RP3F341341PA_BH32CVDSXY_L2_341341.R1.fastp.fastq.gz,/jic/archive/projects/watseq/ECS/pr-raw-watseq/WatSeq-modern_global_reads/data/modern_clean1/Iena_9D38869RP3F341341PA_BH32CVDSXY_L2_341341.R2.fastp.fastq.gz,1gpu
iena_L4,/jic/archive/projects/watseq/ECS/pr-raw-watseq/WatSeq-modern_global_reads/data/modern_clean1/Iena_9D38869RP3F341341PB_AH32CJDSXY_L4_341341.R1.fastp.fastq.gz,/jic/archive/projects/watseq/ECS/pr-raw-watseq/WatSeq-modern_global_reads/data/modern_clean1/Iena_9D38869RP3F341341PB_AH32CJDSXY_L4_341341.R2.fastp.fastq.gz,1gpu
iena_L3,/jic/archive/projects/watseq/ECS/pr-raw-watseq/WatSeq-modern_global_reads/data/modern_clean1/Iena_9D38869RP3F341341PB_BH32CVDSXY_L3_341341.R1.fastp.fastq.gz,/jic/archive/projects/watseq/ECS/pr-raw-watseq/WatSeq-modern_global_reads/data/modern_clean1/Iena_9D38869RP3F341341PB_BH32CVDSXY_L3_341341.R2.fastp.fastq.gz,1gpu
ikarus_L01,/jic/archive/projects/watseq/My_Book_Duo/Ikarus_DP8400011548BL_L01_573.R1.fastq.gz,/jic/archive/projects/watseq/My_Book_Duo/Ikarus_DP8400011548BL_L01_573.R2.fastq.gz,1gpu
ikarus_L01,/jic/archive/projects/watseq/My_Book_Duo/Ikarus_DP8400011548BL_L01_574.R1.fastq.gz,/jic/archive/projects/watseq/My_Book_Duo/Ikarus_DP8400011548BL_L01_574.R2.fastq.gz,1gpu
karat_L01,/jic/archive/projects/watseq/My_Book_Duo/Karat_FP100001137BL_L01_535.R1.fastq.gz,/jic/archive/projects/watseq/My_Book_Duo/Karat_FP100001137BL_L01_535.R2.fastq.gz,1gpu
karat_L01,/jic/archive/projects/watseq/My_Book_Duo/Karat_FP100001137BL_L01_536.R1.fastq.gz,/jic/archive/projects/watseq/My_Book_Duo/Karat_FP100001137BL_L01_536.R2.fastq.gz,1gpu
kontrast_L1,/jic/archive/projects/watseq/ECS/pr-raw-watseq/WatSeq-modern_global_reads/data/modern_clean1/Kontrast_9D38878RP3F347347PB_BH32CVDSXY_L1_347347.R1.fastp.fastq.gz,/jic/archive/projects/watseq/ECS/pr-raw-watseq/WatSeq-modern_global_reads/data/modern_clean1/Kontrast_9D38878RP3F347347PB_BH32CVDSXY_L1_347347.R2.fastp.fastq.gz,1gpu
kontrast_L1,/jic/archive/projects/watseq/ECS/pr-raw-watseq/WatSeq-modern_global_reads/data/modern_clean1/Kontrast_9D38878RP3F347347PC_AH32H3DSXY_L1_347347.R1.fastp.fastq.gz,/jic/archive/projects/watseq/ECS/pr-raw-watseq/WatSeq-modern_global_reads/data/modern_clean1/Kontrast_9D38878RP3F347347PC_AH32H3DSXY_L1_347347.R2.fastp.fastq.gz,1gpu
kontrast_L4,/jic/archive/projects/watseq/ECS/pr-raw-watseq/WatSeq-modern_global_reads/data/modern_clean1/Kontrast_9D38878RP3F347347PC_BH32CVDSXY_L4_347347.R1.fastp.fastq.gz,/jic/archive/projects/watseq/ECS/pr-raw-watseq/WatSeq-modern_global_reads/data/modern_clean1/Kontrast_9D38878RP3F347347PC_BH32CVDSXY_L4_347347.R2.fastp.fastq.gz,1gpu
kosack_L01,/jic/archive/projects/watseq/My_Book_Duo/Kosack_DP8400011528TL_L01_565.R1.fastq.gz,/jic/archive/projects/watseq/My_Book_Duo/Kosack_DP8400011528TL_L01_565.R2.fastq.gz,1gpu
kosack_L01,/jic/archive/projects/watseq/My_Book_Duo/Kosack_DP8400011528TL_L01_566.R1.fastq.gz,/jic/archive/projects/watseq/My_Book_Duo/Kosack_DP8400011528TL_L01_566.R2.fastq.gz,1gpu
kosack_L01,/jic/archive/projects/watseq/My_Book_Duo/Kosack_DP8400011696BL_L01_565.R1.fastq.gz,/jic/archive/projects/watseq/My_Book_Duo/Kosack_DP8400011696BL_L01_565.R2.fastq.gz,1gpu
kosack_L01,/jic/archive/projects/watseq/My_Book_Duo/Kosack_DP8400011696BL_L01_566.R1.fastq.gz,/jic/archive/projects/watseq/My_Book_Duo/Kosack_DP8400011696BL_L01_566.R2.fastq.gz,1gpu
kranich_L01,/jic/archive/projects/watseq/My_Book_Duo/Kranich_FP100001187BR_L01_519.R1.fastq.gz,/jic/archive/projects/watseq/My_Book_Duo/Kranich_FP100001187BR_L01_519.R2.fastq.gz,1gpu
kranich_L01,/jic/archive/projects/watseq/My_Book_Duo/Kranich_FP100001187BR_L01_520.R1.fastq.gz,/jic/archive/projects/watseq/My_Book_Duo/Kranich_FP100001187BR_L01_520.R2.fastq.gz,1gpu
kws_santiago_L3,/jic/archive/projects/watseq/ECS/pr-raw-watseq/WatSeq-modern_global_reads/data/modern_clean1/KWS-Santiago_9D38943RP3F362362PA_AH32H3DSXY_L3_362362.R1.fastp.fastq.gz,/jic/archive/projects/watseq/ECS/pr-raw-watseq/WatSeq-modern_global_reads/data/modern_clean1/KWS-Santiago_9D38943RP3F362362PA_AH32H3DSXY_L3_362362.R2.fastp.fastq.gz,1gpu
kws_santiago_L3,/jic/archive/projects/watseq/ECS/pr-raw-watseq/WatSeq-modern_global_reads/data/modern_clean1/KWS-Santiago_9D38943RP3F362362PB_AH32CJDSXY_L3_362362.R1.fastp.fastq.gz,/jic/archive/projects/watseq/ECS/pr-raw-watseq/WatSeq-modern_global_reads/data/modern_clean1/KWS-Santiago_9D38943RP3F362362PB_AH32CJDSXY_L3_362362.R2.fastp.fastq.gz,1gpu
kws_santiago_L2,/jic/archive/projects/watseq/ECS/pr-raw-watseq/WatSeq-modern_global_reads/data/modern_clean1/KWS-Santiago_9D38943RP3F362362PB_AH32H3DSXY_L2_362362.R1.fastp.fastq.gz,/jic/archive/projects/watseq/ECS/pr-raw-watseq/WatSeq-modern_global_reads/data/modern_clean1/KWS-Santiago_9D38943RP3F362362PB_AH32H3DSXY_L2_362362.R2.fastp.fastq.gz,1gpu
lancelot_L01,/jic/archive/projects/watseq/My_Book_Duo/Lancelot_FP100001187BR_L01_581.R1.fastq.gz,/jic/archive/projects/watseq/My_Book_Duo/Lancelot_FP100001187BR_L01_581.R2.fastq.gz,1gpu
lancelot_L01,/jic/archive/projects/watseq/My_Book_Duo/Lancelot_FP100001187BR_L01_582.R1.fastq.gz,/jic/archive/projects/watseq/My_Book_Duo/Lancelot_FP100001187BR_L01_582.R2.fastq.gz,1gpu
leda_L3,/jic/archive/projects/watseq/ECS/pr-raw-watseq/WatSeq-modern_global_reads/data/modern_clean1/Leda_9D38819RP3F301301PC_BHYV5TDSXX_L3_301301.R1.fastp.fastq.gz,/jic/archive/projects/watseq/ECS/pr-raw-watseq/WatSeq-modern_global_reads/data/modern_clean1/Leda_9D38819RP3F301301PC_BHYV5TDSXX_L3_301301.R2.fastp.fastq.gz,1gpu
leda_L3,/jic/archive/projects/watseq/ECS/pr-raw-watseq/WatSeq-modern_global_reads/data/modern_clean1/Leda_9D38819RP3F345345PB_BHYV5TDSXX_L3_345345.R1.fastp.fastq.gz,/jic/archive/projects/watseq/ECS/pr-raw-watseq/WatSeq-modern_global_reads/data/modern_clean1/Leda_9D38819RP3F345345PB_BHYV5TDSXX_L3_345345.R2.fastp.fastq.gz,1gpu
legend_L01,/jic/archive/projects/watseq/My_Book_Duo/Legend_DP8400011551BR_L01_587.R1.fastq.gz,/jic/archive/projects/watseq/My_Book_Duo/Legend_DP8400011551BR_L01_587.R2.fastq.gz,1gpu
legend_L01,/jic/archive/projects/watseq/My_Book_Duo/Legend_DP8400011551BR_L01_588.R1.fastq.gz,/jic/archive/projects/watseq/My_Book_Duo/Legend_DP8400011551BR_L01_588.R2.fastq.gz,1gpu
longbow_L01,/jic/archive/projects/watseq/My_Book_Duo/Longbow_DP8400011374TR_L01_527.R1.fastq.gz,/jic/archive/projects/watseq/My_Book_Duo/Longbow_DP8400011374TR_L01_527.R2.fastq.gz,1gpu
longbow_L01,/jic/archive/projects/watseq/My_Book_Duo/Longbow_DP8400011374TR_L01_528.R1.fastq.gz,/jic/archive/projects/watseq/My_Book_Duo/Longbow_DP8400011374TR_L01_528.R2.fastq.gz,1gpu
lutin_L01,/jic/archive/projects/watseq/My_Book_Duo/Lutin_DP8400011718TR_L01_557.R1.fastq.gz,/jic/archive/projects/watseq/My_Book_Duo/Lutin_DP8400011718TR_L01_557.R2.fastq.gz,1gpu
lutin_L01,/jic/archive/projects/watseq/My_Book_Duo/Lutin_DP8400011718TR_L01_558.R1.fastq.gz,/jic/archive/projects/watseq/My_Book_Duo/Lutin_DP8400011718TR_L01_558.R2.fastq.gz,1gpu
lutin_L01,/jic/archive/projects/watseq/My_Book_Duo/Lutin_FP200000081BL_L01_582.R1.fastq.gz,/jic/archive/projects/watseq/My_Book_Duo/Lutin_FP200000081BL_L01_582.R2.fastq.gz,1gpu
mahndorfer_L1,/jic/archive/projects/watseq/ECS/pr-raw-watseq/WatSeq-modern_global_reads/data/modern_clean1/Mahndorfer_9D38832RP3F340340PA_AH2YKCDSXY_L1_340340.R1.fastp.fastq.gz,/jic/archive/projects/watseq/ECS/pr-raw-watseq/WatSeq-modern_global_reads/data/modern_clean1/Mahndorfer_9D38832RP3F340340PA_AH2YKCDSXY_L1_340340.R2.fastp.fastq.gz,1gpu
mahndorfer_L2,/jic/archive/projects/watseq/ECS/pr-raw-watseq/WatSeq-modern_global_reads/data/modern_clean1/Mahndorfer_9D38832RP3F340340PA_BH32KHDSXY_L2_340340.R1.fastp.fastq.gz,/jic/archive/projects/watseq/ECS/pr-raw-watseq/WatSeq-modern_global_reads/data/modern_clean1/Mahndorfer_9D38832RP3F340340PA_BH32KHDSXY_L2_340340.R2.fastp.fastq.gz,1gpu
mahndorfer_L1,/jic/archive/projects/watseq/ECS/pr-raw-watseq/WatSeq-modern_global_reads/data/modern_clean1/Mahndorfer_9D38832RP3F381381PB_AH2YKCDSXY_L1_381381.R1.fastp.fastq.gz,/jic/archive/projects/watseq/ECS/pr-raw-watseq/WatSeq-modern_global_reads/data/modern_clean1/Mahndorfer_9D38832RP3F381381PB_AH2YKCDSXY_L1_381381.R2.fastp.fastq.gz,1gpu
mahndorfer_L1,/jic/archive/projects/watseq/ECS/pr-raw-watseq/WatSeq-modern_global_reads/data/modern_clean1/Mahndorfer_9D38832RP3F381381PB_BH32KHDSXY_L1_381381.R1.fastp.fastq.gz,/jic/archive/projects/watseq/ECS/pr-raw-watseq/WatSeq-modern_global_reads/data/modern_clean1/Mahndorfer_9D38832RP3F381381PB_BH32KHDSXY_L1_381381.R2.fastp.fastq.gz,1gpu
malacca_L2,/jic/archive/projects/watseq/ECS/pr-raw-watseq/WatSeq-modern_global_reads/data/modern_clean1/malacca_9D38892RP3F365365PA_AH32H3DSXY_L2_365365.R1.fastp.fastq.gz,/jic/archive/projects/watseq/ECS/pr-raw-watseq/WatSeq-modern_global_reads/data/modern_clean1/malacca_9D38892RP3F365365PA_AH32H3DSXY_L2_365365.R2.fastp.fastq.gz,1gpu
malacca_L3,/jic/archive/projects/watseq/ECS/pr-raw-watseq/WatSeq-modern_global_reads/data/modern_clean1/malacca_9D38892RP3F365365PB_AH32H3DSXY_L3_365365.R1.fastp.fastq.gz,/jic/archive/projects/watseq/ECS/pr-raw-watseq/WatSeq-modern_global_reads/data/modern_clean1/malacca_9D38892RP3F365365PB_AH32H3DSXY_L3_365365.R2.fastp.fastq.gz,1gpu
marco_L1,/jic/archive/projects/watseq/ECS/pr-raw-watseq/WatSeq-modern_global_reads/data/modern_clean1/Marco_9D38865RP3F306306PA_BH322JDSXY_L1_306306.R1.fastp.fastq.gz,/jic/archive/projects/watseq/ECS/pr-raw-watseq/WatSeq-modern_global_reads/data/modern_clean1/Marco_9D38865RP3F306306PA_BH322JDSXY_L1_306306.R2.fastp.fastq.gz,1gpu
marco_L1,/jic/archive/projects/watseq/ECS/pr-raw-watseq/WatSeq-modern_global_reads/data/modern_clean1/Marco_9D38865RP3F306306PB_AH33CYDSXY_L1_306306.R1.fastp.fastq.gz,/jic/archive/projects/watseq/ECS/pr-raw-watseq/WatSeq-modern_global_reads/data/modern_clean1/Marco_9D38865RP3F306306PB_AH33CYDSXY_L1_306306.R2.fastp.fastq.gz,1gpu
maris_huntsman_L4,/jic/archive/projects/watseq/ECS/pr-raw-watseq/WatSeq-modern_global_reads/data/modern_clean1/MarisHuntsman_9D38827RP3F328328PC_BH327VDSXY_L4_328328.R1.fastp.fastq.gz,/jic/archive/projects/watseq/ECS/pr-raw-watseq/WatSeq-modern_global_reads/data/modern_clean1/MarisHuntsman_9D38827RP3F328328PC_BH327VDSXY_L4_328328.R2.fastp.fastq.gz,1gpu
maris_huntsman_L4,/jic/archive/projects/watseq/ECS/pr-raw-watseq/WatSeq-modern_global_reads/data/modern_clean1/MarisHuntsman_9D38827RP3F328328PC_BHYV5TDSXX_L4_328328.R1.fastp.fastq.gz,/jic/archive/projects/watseq/ECS/pr-raw-watseq/WatSeq-modern_global_reads/data/modern_clean1/MarisHuntsman_9D38827RP3F328328PC_BHYV5TDSXX_L4_328328.R2.fastp.fastq.gz,1gpu
maris_huntsman_L4,/jic/archive/projects/watseq/ECS/pr-raw-watseq/WatSeq-modern_global_reads/data/modern_clean1/MarisHuntsman_9D38827RP3F370370PB_BHYV5TDSXX_L4_370370.R1.fastp.fastq.gz,/jic/archive/projects/watseq/ECS/pr-raw-watseq/WatSeq-modern_global_reads/data/modern_clean1/MarisHuntsman_9D38827RP3F370370PB_BHYV5TDSXX_L4_370370.R2.fastp.fastq.gz,1gpu
maris_widgeon_L4,/jic/archive/projects/watseq/ECS/pr-raw-watseq/WatSeq-modern_global_reads/data/modern_clean2/Maris-Widgeon_9D38846RP3F330330PA_BH2WHTDSXY_L4_330330.R1.fastp.fastq.gz,/jic/archive/projects/watseq/ECS/pr-raw-watseq/WatSeq-modern_global_reads/data/modern_clean2/Maris-Widgeon_9D38846RP3F330330PA_BH2WHTDSXY_L4_330330.R2.fastp.fastq.gz,1gpu
maris_widgeon_L1,/jic/archive/projects/watseq/ECS/pr-raw-watseq/WatSeq-modern_global_reads/data/modern_clean2/Maris-Widgeon_9D38846RP3F372372PB_BH322JDSXY_L1_372372.R1.fastp.fastq.gz,/jic/archive/projects/watseq/ECS/pr-raw-watseq/WatSeq-modern_global_reads/data/modern_clean2/Maris-Widgeon_9D38846RP3F372372PB_BH322JDSXY_L1_372372.R2.fastp.fastq.gz,1gpu
maris_widgeon_L4,/jic/archive/projects/watseq/My_Book_Duo/Maris-Widgeon_BH2WHTDSXY_L4_330330.R1.fastq.gz,/jic/archive/projects/watseq/My_Book_Duo/Maris-Widgeon_BH2WHTDSXY_L4_330330.R2.fastq.gz,1gpu
maris_widgeon_L1,/jic/archive/projects/watseq/My_Book_Duo/Maris-Widgeon_BH322JDSXY_L1_372372.R1.fastq.gz,/jic/archive/projects/watseq/My_Book_Duo/Maris-Widgeon_BH322JDSXY_L1_372372.R2.fastq.gz,1gpu
mendel_L01,/jic/archive/projects/watseq/My_Book_Duo/mendel_FP100001188BR_L01_505.R1.fastq.gz,/jic/archive/projects/watseq/My_Book_Duo/mendel_FP100001188BR_L01_505.R2.fastq.gz,1gpu
mendel_L01,/jic/archive/projects/watseq/My_Book_Duo/mendel_FP100001188BR_L01_506.R1.fastq.gz,/jic/archive/projects/watseq/My_Book_Duo/mendel_FP100001188BR_L01_506.R2.fastq.gz,1gpu
mercia_L01,/jic/archive/projects/watseq/My_Book_Duo/mercia_DP8400011548BL_L01_571.R1.fastq.gz,/jic/archive/projects/watseq/My_Book_Duo/mercia_DP8400011548BL_L01_571.R2.fastq.gz,1gpu
mercia_L01,/jic/archive/projects/watseq/My_Book_Duo/mercia_DP8400011548BL_L01_572.R1.fastq.gz,/jic/archive/projects/watseq/My_Book_Duo/mercia_DP8400011548BL_L01_572.R2.fastq.gz,1gpu
mina_L01,/jic/archive/projects/watseq/My_Book_Duo/mina_FP100001186BR_L01_523.R1.fastq.gz,/jic/archive/projects/watseq/My_Book_Duo/mina_FP100001186BR_L01_523.R2.fastq.gz,1gpu
mina_L01,/jic/archive/projects/watseq/My_Book_Duo/mina_FP100001186BR_L01_524.R1.fastq.gz,/jic/archive/projects/watseq/My_Book_Duo/mina_FP100001186BR_L01_524.R2.fastq.gz,1gpu
minister_L2,/jic/archive/projects/watseq/ECS/pr-raw-watseq/WatSeq-modern_global_reads/data/modern_clean2/Minister_9D38847RP3F341341PA_AH2WKGDSXY_L2_341341.R1.fastp.fastq.gz,/jic/archive/projects/watseq/ECS/pr-raw-watseq/WatSeq-modern_global_reads/data/modern_clean2/Minister_9D38847RP3F341341PA_AH2WKGDSXY_L2_341341.R2.fastp.fastq.gz,1gpu
minister_L3,/jic/archive/projects/watseq/ECS/pr-raw-watseq/WatSeq-modern_global_reads/data/modern_clean2/Minister_9D38847RP3F341341PA_BH32JLDSXY_L3_341341.R1.fastp.fastq.gz,/jic/archive/projects/watseq/ECS/pr-raw-watseq/WatSeq-modern_global_reads/data/modern_clean2/Minister_9D38847RP3F341341PA_BH32JLDSXY_L3_341341.R2.fastp.fastq.gz,1gpu
minister_L1,/jic/archive/projects/watseq/ECS/pr-raw-watseq/WatSeq-modern_global_reads/data/modern_clean2/Minister_9D38847RP3F383383PB_AH3232DSXY_L1_383383.R1.fastp.fastq.gz,/jic/archive/projects/watseq/ECS/pr-raw-watseq/WatSeq-modern_global_reads/data/modern_clean2/Minister_9D38847RP3F383383PB_AH3232DSXY_L1_383383.R2.fastp.fastq.gz,1gpu
minister_L1,/jic/archive/projects/watseq/ECS/pr-raw-watseq/WatSeq-modern_global_reads/data/modern_clean2/Minister_9D38847RP3F383383PB_BH322JDSXY_L1_383383.R1.fastp.fastq.gz,/jic/archive/projects/watseq/ECS/pr-raw-watseq/WatSeq-modern_global_reads/data/modern_clean2/Minister_9D38847RP3F383383PB_BH322JDSXY_L1_383383.R2.fastp.fastq.gz,1gpu
moisson_L1,/jic/archive/projects/watseq/ECS/pr-raw-watseq/WatSeq-modern_global_reads/data/modern_clean2/Moisson_9D38858RP3F324324PB_AH3232DSXY_L1_324324.R1.fastp.fastq.gz,/jic/archive/projects/watseq/ECS/pr-raw-watseq/WatSeq-modern_global_reads/data/modern_clean2/Moisson_9D38858RP3F324324PB_AH3232DSXY_L1_324324.R2.fastp.fastq.gz,1gpu
moisson_L2,/jic/archive/projects/watseq/ECS/pr-raw-watseq/WatSeq-modern_global_reads/data/modern_clean2/Moisson_9D38858RP3F324324PB_BH322JDSXY_L2_324324.R1.fastp.fastq.gz,/jic/archive/projects/watseq/ECS/pr-raw-watseq/WatSeq-modern_global_reads/data/modern_clean2/Moisson_9D38858RP3F324324PB_BH322JDSXY_L2_324324.R2.fastp.fastq.gz,1gpu
moisson_L4,/jic/archive/projects/watseq/ECS/pr-raw-watseq/WatSeq-modern_global_reads/data/modern_clean2/Moisson_9D38858RP3F324324PC_BH322JDSXY_L4_324324.R1.fastp.fastq.gz,/jic/archive/projects/watseq/ECS/pr-raw-watseq/WatSeq-modern_global_reads/data/modern_clean2/Moisson_9D38858RP3F324324PC_BH322JDSXY_L4_324324.R2.fastp.fastq.gz,1gpu
moisson_L3,/jic/archive/projects/watseq/ECS/pr-raw-watseq/WatSeq-modern_global_reads/data/modern_clean2/Moisson_9D38858RP3F324324PC_BH32JLDSXY_L3_324324.R1.fastp.fastq.gz,/jic/archive/projects/watseq/ECS/pr-raw-watseq/WatSeq-modern_global_reads/data/modern_clean2/Moisson_9D38858RP3F324324PC_BH32JLDSXY_L3_324324.R2.fastp.fastq.gz,1gpu
muck_L4,/jic/archive/projects/watseq/ECS/pr-raw-watseq/WatSeq-modern_global_reads/data/modern_clean2/Muck_9D38879RP3F349349PA_BH32CVDSXY_L4_349349.R1.fastp.fastq.gz,/jic/archive/projects/watseq/ECS/pr-raw-watseq/WatSeq-modern_global_reads/data/modern_clean2/Muck_9D38879RP3F349349PA_BH32CVDSXY_L4_349349.R2.fastp.fastq.gz,1gpu
muck_L1,/jic/archive/projects/watseq/ECS/pr-raw-watseq/WatSeq-modern_global_reads/data/modern_clean2/Muck_9D38879RP3F349349PB_AH32H3DSXY_L1_349349.R1.fastp.fastq.gz,/jic/archive/projects/watseq/ECS/pr-raw-watseq/WatSeq-modern_global_reads/data/modern_clean2/Muck_9D38879RP3F349349PB_AH32H3DSXY_L1_349349.R2.fastp.fastq.gz,1gpu
multiweiss_L1,/jic/archive/projects/watseq/ECS/pr-raw-watseq/WatSeq-modern_global_reads/data/modern_clean2/Multiweiss_9D38830RP3F333333PC_AH2YKCDSXY_L1_333333.R1.fastp.fastq.gz,/jic/archive/projects/watseq/ECS/pr-raw-watseq/WatSeq-modern_global_reads/data/modern_clean2/Multiweiss_9D38830RP3F333333PC_AH2YKCDSXY_L1_333333.R2.fastp.fastq.gz,1gpu
multiweiss_L1,/jic/archive/projects/watseq/ECS/pr-raw-watseq/WatSeq-modern_global_reads/data/modern_clean2/Multiweiss_9D38830RP3F374374PB_AH2YKCDSXY_L1_374374.R1.fastp.fastq.gz,/jic/archive/projects/watseq/ECS/pr-raw-watseq/WatSeq-modern_global_reads/data/modern_clean2/Multiweiss_9D38830RP3F374374PB_AH2YKCDSXY_L1_374374.R2.fastp.fastq.gz,1gpu
nautica_L1,/jic/archive/projects/watseq/ECS/pr-raw-watseq/WatSeq-modern_global_reads/data/modern_clean2/Nautica_9D38842RP3F334334PA_AH3232DSXY_L1_334334.R1.fastp.fastq.gz,/jic/archive/projects/watseq/ECS/pr-raw-watseq/WatSeq-modern_global_reads/data/modern_clean2/Nautica_9D38842RP3F334334PA_AH3232DSXY_L1_334334.R2.fastp.fastq.gz,1gpu
nautica_L4,/jic/archive/projects/watseq/ECS/pr-raw-watseq/WatSeq-modern_global_reads/data/modern_clean2/Nautica_9D38842RP3F334334PA_AH32TYDSXY_L4_334334.R1.fastp.fastq.gz,/jic/archive/projects/watseq/ECS/pr-raw-watseq/WatSeq-modern_global_reads/data/modern_clean2/Nautica_9D38842RP3F334334PA_AH32TYDSXY_L4_334334.R2.fastp.fastq.gz,1gpu
nautica_L4,/jic/archive/projects/watseq/ECS/pr-raw-watseq/WatSeq-modern_global_reads/data/modern_clean2/Nautica_9D38842RP3F375375PB_AH32TYDSXY_L4_375375.R1.fastp.fastq.gz,/jic/archive/projects/watseq/ECS/pr-raw-watseq/WatSeq-modern_global_reads/data/modern_clean2/Nautica_9D38842RP3F375375PB_AH32TYDSXY_L4_375375.R2.fastp.fastq.gz,1gpu
nautica_L3,/jic/archive/projects/watseq/ECS/pr-raw-watseq/WatSeq-modern_global_reads/data/modern_clean2/Nautica_9D38842RP3F375375PB_BH32JLDSXY_L3_375375.R1.fastp.fastq.gz,/jic/archive/projects/watseq/ECS/pr-raw-watseq/WatSeq-modern_global_reads/data/modern_clean2/Nautica_9D38842RP3F375375PB_BH32JLDSXY_L3_375375.R2.fastp.fastq.gz,1gpu
newhaven_L01,/jic/archive/projects/watseq/My_Book_Duo/Newhaven_FP100001184BR_L01_507.R1.fastq.gz,/jic/archive/projects/watseq/My_Book_Duo/Newhaven_FP100001184BR_L01_507.R2.fastq.gz,1gpu
newhaven_L01,/jic/archive/projects/watseq/My_Book_Duo/Newhaven_FP100001184BR_L01_508.R1.fastq.gz,/jic/archive/projects/watseq/My_Book_Duo/Newhaven_FP100001184BR_L01_508.R2.fastq.gz,1gpu
norda_L01,/jic/archive/projects/watseq/My_Book_Duo/Norda_DP8400011526TL_L01_553.R1.fastq.gz,/jic/archive/projects/watseq/My_Book_Duo/Norda_DP8400011526TL_L01_553.R2.fastq.gz,1gpu
norda_L01,/jic/archive/projects/watseq/My_Book_Duo/Norda_DP8400011526TL_L01_554.R1.fastq.gz,/jic/archive/projects/watseq/My_Book_Duo/Norda_DP8400011526TL_L01_554.R2.fastq.gz,1gpu
norda_L01,/jic/archive/projects/watseq/My_Book_Duo/Norda_DP8400011679BR_L01_553.R1.fastq.gz,/jic/archive/projects/watseq/My_Book_Duo/Norda_DP8400011679BR_L01_553.R2.fastq.gz,1gpu
norda_L01,/jic/archive/projects/watseq/My_Book_Duo/Norda_DP8400011679BR_L01_554.R1.fastq.gz,/jic/archive/projects/watseq/My_Book_Duo/Norda_DP8400011679BR_L01_554.R2.fastq.gz,1gpu
norda_L01,/jic/archive/projects/watseq/My_Book_Duo/Norda_FP200000081BL_L01_553.R1.fastq.gz,/jic/archive/projects/watseq/My_Book_Duo/Norda_FP200000081BL_L01_553.R2.fastq.gz,1gpu
norda_L01,/jic/archive/projects/watseq/My_Book_Duo/Norda_FP200000081BL_L01_554.R1.fastq.gz,/jic/archive/projects/watseq/My_Book_Duo/Norda_FP200000081BL_L01_554.R2.fastq.gz,1gpu
obelisk_L1,/jic/archive/projects/watseq/ECS/pr-raw-watseq/WatSeq-modern_global_reads/data/modern_clean2/Obelisk_9D38884RP3F356356PA_AH32H3DSXY_L1_356356.R1.fastp.fastq.gz,/jic/archive/projects/watseq/ECS/pr-raw-watseq/WatSeq-modern_global_reads/data/modern_clean2/Obelisk_9D38884RP3F356356PA_AH32H3DSXY_L1_356356.R2.fastp.fastq.gz,1gpu
obelisk_L4,/jic/archive/projects/watseq/ECS/pr-raw-watseq/WatSeq-modern_global_reads/data/modern_clean2/Obelisk_9D38884RP3F356356PB_BH32CVDSXY_L4_356356.R1.fastp.fastq.gz,/jic/archive/projects/watseq/ECS/pr-raw-watseq/WatSeq-modern_global_reads/data/modern_clean2/Obelisk_9D38884RP3F356356PB_BH32CVDSXY_L4_356356.R2.fastp.fastq.gz,1gpu
odeon_L01,/jic/archive/projects/watseq/My_Book_Duo/Odeon_DP8400011681BR_L01_511.R1.fastq.gz,/jic/archive/projects/watseq/My_Book_Duo/Odeon_DP8400011681BR_L01_511.R2.fastq.gz,1gpu
odeon_L01,/jic/archive/projects/watseq/My_Book_Duo/Odeon_DP8400011681BR_L01_512.R1.fastq.gz,/jic/archive/projects/watseq/My_Book_Duo/Odeon_DP8400011681BR_L01_512.R2.fastq.gz,1gpu
odeon_L01,/jic/archive/projects/watseq/My_Book_Duo/Odeon_FP200000081BL_L01_511.R1.fastq.gz,/jic/archive/projects/watseq/My_Book_Duo/Odeon_FP200000081BL_L01_511.R2.fastq.gz,1gpu
odeon_L01,/jic/archive/projects/watseq/My_Book_Duo/Odeon_FP200000081BL_L01_512.R1.fastq.gz,/jic/archive/projects/watseq/My_Book_Duo/Odeon_FP200000081BL_L01_512.R2.fastq.gz,1gpu
odin_L01,/jic/archive/projects/watseq/My_Book_Duo/Odin_FP100001187BR_L01_511.R1.fastq.gz,/jic/archive/projects/watseq/My_Book_Duo/Odin_FP100001187BR_L01_511.R2.fastq.gz,1gpu
odin_L01,/jic/archive/projects/watseq/My_Book_Duo/Odin_FP100001187BR_L01_512.R1.fastq.gz,/jic/archive/projects/watseq/My_Book_Duo/Odin_FP100001187BR_L01_512.R2.fastq.gz,1gpu
oenus_L01,/jic/archive/projects/watseq/My_Book_Duo/Oenus_DP8400011528TL_L01_561.R1.fastq.gz,/jic/archive/projects/watseq/My_Book_Duo/Oenus_DP8400011528TL_L01_561.R2.fastq.gz,1gpu
oenus_L01,/jic/archive/projects/watseq/My_Book_Duo/Oenus_DP8400011528TL_L01_562.R1.fastq.gz,/jic/archive/projects/watseq/My_Book_Duo/Oenus_DP8400011528TL_L01_562.R2.fastq.gz,1gpu
orlando_L2,/jic/archive/projects/watseq/ECS/pr-raw-watseq/WatSeq-modern_global_reads/data/modern_clean2/Orlando_9D38837RP3F307307PA_AH2WKGDSXY_L2_307307.R1.fastp.fastq.gz,/jic/archive/projects/watseq/ECS/pr-raw-watseq/WatSeq-modern_global_reads/data/modern_clean2/Orlando_9D38837RP3F307307PA_AH2WKGDSXY_L2_307307.R2.fastp.fastq.gz,1gpu
orlando_L3,/jic/archive/projects/watseq/ECS/pr-raw-watseq/WatSeq-modern_global_reads/data/modern_clean2/Orlando_9D38837RP3F307307PA_BH32JLDSXY_L3_307307.R1.fastp.fastq.gz,/jic/archive/projects/watseq/ECS/pr-raw-watseq/WatSeq-modern_global_reads/data/modern_clean2/Orlando_9D38837RP3F307307PA_BH32JLDSXY_L3_307307.R2.fastp.fastq.gz,1gpu
orlando_L1,/jic/archive/projects/watseq/ECS/pr-raw-watseq/WatSeq-modern_global_reads/data/modern_clean2/Orlando_9D38837RP3F350350PB_AH3232DSXY_L1_350350.R1.fastp.fastq.gz,/jic/archive/projects/watseq/ECS/pr-raw-watseq/WatSeq-modern_global_reads/data/modern_clean2/Orlando_9D38837RP3F350350PB_AH3232DSXY_L1_350350.R2.fastp.fastq.gz,1gpu
orlando_L4,/jic/archive/projects/watseq/ECS/pr-raw-watseq/WatSeq-modern_global_reads/data/modern_clean2/Orlando_9D38837RP3F350350PB_AH32TYDSXY_L4_350350.R1.fastp.fastq.gz,/jic/archive/projects/watseq/ECS/pr-raw-watseq/WatSeq-modern_global_reads/data/modern_clean2/Orlando_9D38837RP3F350350PB_AH32TYDSXY_L4_350350.R2.fastp.fastq.gz,1gpu
palur_L4,/jic/archive/projects/watseq/ECS/pr-raw-watseq/WatSeq-modern_global_reads/data/modern_clean2/Palur_9D38885RP3F357357PA_AH32CJDSXY_L4_357357.R1.fastp.fastq.gz,/jic/archive/projects/watseq/ECS/pr-raw-watseq/WatSeq-modern_global_reads/data/modern_clean2/Palur_9D38885RP3F357357PA_AH32CJDSXY_L4_357357.R2.fastp.fastq.gz,1gpu
palur_L1,/jic/archive/projects/watseq/ECS/pr-raw-watseq/WatSeq-modern_global_reads/data/modern_clean2/Palur_9D38885RP3F357357PA_AH32H3DSXY_L1_357357.R1.fastp.fastq.gz,/jic/archive/projects/watseq/ECS/pr-raw-watseq/WatSeq-modern_global_reads/data/modern_clean2/Palur_9D38885RP3F357357PA_AH32H3DSXY_L1_357357.R2.fastp.fastq.gz,1gpu
palur_L3,/jic/archive/projects/watseq/ECS/pr-raw-watseq/WatSeq-modern_global_reads/data/modern_clean2/Palur_9D38885RP3F357357PB_AH32CJDSXY_L3_357357.R1.fastp.fastq.gz,/jic/archive/projects/watseq/ECS/pr-raw-watseq/WatSeq-modern_global_reads/data/modern_clean2/Palur_9D38885RP3F357357PB_AH32CJDSXY_L3_357357.R2.fastp.fastq.gz,1gpu
palur_L4,/jic/archive/projects/watseq/ECS/pr-raw-watseq/WatSeq-modern_global_reads/data/modern_clean2/Palur_9D38885RP3F357357PB_BH32CVDSXY_L4_357357.R1.fastp.fastq.gz,/jic/archive/projects/watseq/ECS/pr-raw-watseq/WatSeq-modern_global_reads/data/modern_clean2/Palur_9D38885RP3F357357PB_BH32CVDSXY_L4_357357.R2.fastp.fastq.gz,1gpu
pastiche_L2,/jic/archive/projects/watseq/ECS/pr-raw-watseq/WatSeq-modern_global_reads/data/modern_clean2/Pastiche_9D38848RP3F325325PA_AH2WKGDSXY_L2_325325.R1.fastp.fastq.gz,/jic/archive/projects/watseq/ECS/pr-raw-watseq/WatSeq-modern_global_reads/data/modern_clean2/Pastiche_9D38848RP3F325325PA_AH2WKGDSXY_L2_325325.R2.fastp.fastq.gz,1gpu
pastiche_L4,/jic/archive/projects/watseq/ECS/pr-raw-watseq/WatSeq-modern_global_reads/data/modern_clean2/Pastiche_9D38848RP3F325325PA_BH327VDSXY_L4_325325.R1.fastp.fastq.gz,/jic/archive/projects/watseq/ECS/pr-raw-watseq/WatSeq-modern_global_reads/data/modern_clean2/Pastiche_9D38848RP3F325325PA_BH327VDSXY_L4_325325.R2.fastp.fastq.gz,1gpu
pastiche_L1,/jic/archive/projects/watseq/ECS/pr-raw-watseq/WatSeq-modern_global_reads/data/modern_clean2/Pastiche_9D38848RP3F368368PB_BH322JDSXY_L1_368368.R1.fastp.fastq.gz,/jic/archive/projects/watseq/ECS/pr-raw-watseq/WatSeq-modern_global_reads/data/modern_clean2/Pastiche_9D38848RP3F368368PB_BH322JDSXY_L1_368368.R2.fastp.fastq.gz,1gpu
pavon_76_L3,/jic/archive/projects/watseq/ECS/pr-raw-watseq/WatSeq-modern_global_reads/data/modern_clean2/Pavon76_9D38901RP3F372372PA_AH32CJDSXY_L3_372372.R1.fastp.fastq.gz,/jic/archive/projects/watseq/ECS/pr-raw-watseq/WatSeq-modern_global_reads/data/modern_clean2/Pavon76_9D38901RP3F372372PA_AH32CJDSXY_L3_372372.R2.fastp.fastq.gz,1gpu
pavon_76_L4,/jic/archive/projects/watseq/ECS/pr-raw-watseq/WatSeq-modern_global_reads/data/modern_clean2/Pavon76_9D38901RP3F372372PA_AH32H3DSXY_L4_372372.R1.fastp.fastq.gz,/jic/archive/projects/watseq/ECS/pr-raw-watseq/WatSeq-modern_global_reads/data/modern_clean2/Pavon76_9D38901RP3F372372PA_AH32H3DSXY_L4_372372.R2.fastp.fastq.gz,1gpu
pavon_76_L4,/jic/archive/projects/watseq/ECS/pr-raw-watseq/WatSeq-modern_global_reads/data/modern_clean2/Pavon76_9D38901RP3F372372PB_AH32CJDSXY_L4_372372.R1.fastp.fastq.gz,/jic/archive/projects/watseq/ECS/pr-raw-watseq/WatSeq-modern_global_reads/data/modern_clean2/Pavon76_9D38901RP3F372372PB_AH32CJDSXY_L4_372372.R2.fastp.fastq.gz,1gpu
pavon_76_L1,/jic/archive/projects/watseq/ECS/pr-raw-watseq/WatSeq-modern_global_reads/data/modern_clean2/Pavon76_9D38901RP3F372372PB_BH2WHTDSXY_L1_372372.R1.fastp.fastq.gz,/jic/archive/projects/watseq/ECS/pr-raw-watseq/WatSeq-modern_global_reads/data/modern_clean2/Pavon76_9D38901RP3F372372PB_BH2WHTDSXY_L1_372372.R2.fastp.fastq.gz,1gpu
pepital_L01,/jic/archive/projects/watseq/My_Book_Duo/Pepital_DP8400011718TR_L01_551.R1.fastq.gz,/jic/archive/projects/watseq/My_Book_Duo/Pepital_DP8400011718TR_L01_551.R2.fastq.gz,1gpu
pepital_L01,/jic/archive/projects/watseq/My_Book_Duo/Pepital_DP8400011718TR_L01_552.R1.fastq.gz,/jic/archive/projects/watseq/My_Book_Duo/Pepital_DP8400011718TR_L01_552.R2.fastq.gz,1gpu
peragis_L2,/jic/archive/projects/watseq/ECS/pr-raw-watseq/WatSeq-modern_global_reads/data/modern_clean2/Peragis_9D38813RP3F306306PC_BHYV5TDSXX_L2_306306.R1.fastp.fastq.gz,/jic/archive/projects/watseq/ECS/pr-raw-watseq/WatSeq-modern_global_reads/data/modern_clean2/Peragis_9D38813RP3F306306PC_BHYV5TDSXX_L2_306306.R2.fastp.fastq.gz,1gpu
peragis_L2,/jic/archive/projects/watseq/ECS/pr-raw-watseq/WatSeq-modern_global_reads/data/modern_clean2/Peragis_9D38813RP3F349349PB_BHYV5TDSXX_L2_349349.R1.fastp.fastq.gz,/jic/archive/projects/watseq/ECS/pr-raw-watseq/WatSeq-modern_global_reads/data/modern_clean2/Peragis_9D38813RP3F349349PB_BHYV5TDSXX_L2_349349.R2.fastp.fastq.gz,1gpu
perlo_L2,/jic/archive/projects/watseq/ECS/pr-raw-watseq/WatSeq-modern_global_reads/data/modern_clean2/Perlo_9D38843RP3F339339PA_AH2WKGDSXY_L2_339339.R1.fastp.fastq.gz,/jic/archive/projects/watseq/ECS/pr-raw-watseq/WatSeq-modern_global_reads/data/modern_clean2/Perlo_9D38843RP3F339339PA_AH2WKGDSXY_L2_339339.R2.fastp.fastq.gz,1gpu
perlo_L4,/jic/archive/projects/watseq/ECS/pr-raw-watseq/WatSeq-modern_global_reads/data/modern_clean2/Perlo_9D38843RP3F380380PB_AH32TYDSXY_L4_380380.R1.fastp.fastq.gz,/jic/archive/projects/watseq/ECS/pr-raw-watseq/WatSeq-modern_global_reads/data/modern_clean2/Perlo_9D38843RP3F380380PB_AH32TYDSXY_L4_380380.R2.fastp.fastq.gz,1gpu
pony_L1,/jic/archive/projects/watseq/ECS/pr-raw-watseq/WatSeq-modern_global_reads/data/modern_clean2/Pony_9D38864RP3F307307PA_BH322JDSXY_L1_307307.R1.fastp.fastq.gz,/jic/archive/projects/watseq/ECS/pr-raw-watseq/WatSeq-modern_global_reads/data/modern_clean2/Pony_9D38864RP3F307307PA_BH322JDSXY_L1_307307.R2.fastp.fastq.gz,1gpu
pony_L3,/jic/archive/projects/watseq/ECS/pr-raw-watseq/WatSeq-modern_global_reads/data/modern_clean2/Pony_9D38864RP3F307307PB_AH32CJDSXY_L3_307307.R1.fastp.fastq.gz,/jic/archive/projects/watseq/ECS/pr-raw-watseq/WatSeq-modern_global_reads/data/modern_clean2/Pony_9D38864RP3F307307PB_AH32CJDSXY_L3_307307.R2.fastp.fastq.gz,1gpu
pony_L3,/jic/archive/projects/watseq/ECS/pr-raw-watseq/WatSeq-modern_global_reads/data/modern_clean2/Pony_9D38864RP3F307307PB_AH33CYDSXY_L3_307307.R1.fastp.fastq.gz,/jic/archive/projects/watseq/ECS/pr-raw-watseq/WatSeq-modern_global_reads/data/modern_clean2/Pony_9D38864RP3F307307PB_AH33CYDSXY_L3_307307.R2.fastp.fastq.gz,1gpu
prof_marshall_L4,/jic/archive/projects/watseq/ECS/pr-raw-watseq/WatSeq-modern_global_reads/data/modern_clean2/Prof-Marshall_9D38936RP3F315315PA_AH33CYDSXY_L4_315315.R1.fastp.fastq.gz,/jic/archive/projects/watseq/ECS/pr-raw-watseq/WatSeq-modern_global_reads/data/modern_clean2/Prof-Marshall_9D38936RP3F315315PA_AH33CYDSXY_L4_315315.R2.fastp.fastq.gz,1gpu
prof_marshall_L3,/jic/archive/projects/watseq/ECS/pr-raw-watseq/WatSeq-modern_global_reads/data/modern_clean2/Prof-Marshall_9D38936RP3F315315PB_AH32CJDSXY_L3_315315.R1.fastp.fastq.gz,/jic/archive/projects/watseq/ECS/pr-raw-watseq/WatSeq-modern_global_reads/data/modern_clean2/Prof-Marshall_9D38936RP3F315315PB_AH32CJDSXY_L3_315315.R2.fastp.fastq.gz,1gpu
prof_marshall_L3,/jic/archive/projects/watseq/ECS/pr-raw-watseq/WatSeq-modern_global_reads/data/modern_clean2/Prof-Marshall_9D38936RP3F315315PB_AH33CYDSXY_L3_315315.R1.fastp.fastq.gz,/jic/archive/projects/watseq/ECS/pr-raw-watseq/WatSeq-modern_global_reads/data/modern_clean2/Prof-Marshall_9D38936RP3F315315PB_AH33CYDSXY_L3_315315.R2.fastp.fastq.gz,1gpu
prophet_L01,/jic/archive/projects/watseq/My_Book_Duo/Prophet_DP8400011475TR_L01_549.R1.fastq.gz,/jic/archive/projects/watseq/My_Book_Duo/Prophet_DP8400011475TR_L01_549.R2.fastq.gz,1gpu
prophet_L01,/jic/archive/projects/watseq/My_Book_Duo/Prophet_DP8400011475TR_L01_550.R1.fastq.gz,/jic/archive/projects/watseq/My_Book_Duo/Prophet_DP8400011475TR_L01_550.R2.fastq.gz,1gpu
prophet_L01,/jic/archive/projects/watseq/My_Book_Duo/Prophet_DP8400011526TL_L01_549.R1.fastq.gz,/jic/archive/projects/watseq/My_Book_Duo/Prophet_DP8400011526TL_L01_549.R2.fastq.gz,1gpu
prophet_L01,/jic/archive/projects/watseq/My_Book_Duo/Prophet_DP8400011526TL_L01_550.R1.fastq.gz,/jic/archive/projects/watseq/My_Book_Duo/Prophet_DP8400011526TL_L01_550.R2.fastq.gz,1gpu
prophet_L01,/jic/archive/projects/watseq/My_Book_Duo/Prophet_FP200000081BL_L01_549.R1.fastq.gz,/jic/archive/projects/watseq/My_Book_Duo/Prophet_FP200000081BL_L01_549.R2.fastq.gz,1gpu
prophet_L01,/jic/archive/projects/watseq/My_Book_Duo/Prophet_FP200000081BL_L01_550.R1.fastq.gz,/jic/archive/projects/watseq/My_Book_Duo/Prophet_FP200000081BL_L01_550.R2.fastq.gz,1gpu
rabe_L3,/jic/archive/projects/watseq/ECS/pr-raw-watseq/WatSeq-modern_global_reads/data/modern_clean2/Rabe_9D38851RP3F334334PB_BH322JDSXY_L3_334334.R1.fastp.fastq.gz,/jic/archive/projects/watseq/ECS/pr-raw-watseq/WatSeq-modern_global_reads/data/modern_clean2/Rabe_9D38851RP3F334334PB_BH322JDSXY_L3_334334.R2.fastp.fastq.gz,1gpu
rabe_L3,/jic/archive/projects/watseq/ECS/pr-raw-watseq/WatSeq-modern_global_reads/data/modern_clean2/Rabe_9D38851RP3F334334PB_BH32JLDSXY_L3_334334.R1.fastp.fastq.gz,/jic/archive/projects/watseq/ECS/pr-raw-watseq/WatSeq-modern_global_reads/data/modern_clean2/Rabe_9D38851RP3F334334PB_BH32JLDSXY_L3_334334.R2.fastp.fastq.gz,1gpu
rabe_L4,/jic/archive/projects/watseq/ECS/pr-raw-watseq/WatSeq-modern_global_reads/data/modern_clean2/Rabe_9D38851RP3F334334PC_BH322JDSXY_L4_334334.R1.fastp.fastq.gz,/jic/archive/projects/watseq/ECS/pr-raw-watseq/WatSeq-modern_global_reads/data/modern_clean2/Rabe_9D38851RP3F334334PC_BH322JDSXY_L4_334334.R2.fastp.fastq.gz,1gpu
rebel_L01,/jic/archive/projects/watseq/My_Book_Duo/Rebel_DP8400011545BL_L01_545.R1.fastq.gz,/jic/archive/projects/watseq/My_Book_Duo/Rebel_DP8400011545BL_L01_545.R2.fastq.gz,1gpu
rebel_L01,/jic/archive/projects/watseq/My_Book_Duo/Rebel_DP8400011545BL_L01_546.R1.fastq.gz,/jic/archive/projects/watseq/My_Book_Duo/Rebel_DP8400011545BL_L01_546.R2.fastq.gz,1gpu
recital_L2,/jic/archive/projects/watseq/ECS/pr-raw-watseq/WatSeq-modern_global_reads/data/modern_clean2/Recital_9D38861RP3F338338PB_BH32CVDSXY_L2_338338.R1.fastp.fastq.gz,/jic/archive/projects/watseq/ECS/pr-raw-watseq/WatSeq-modern_global_reads/data/modern_clean2/Recital_9D38861RP3F338338PB_BH32CVDSXY_L2_338338.R2.fastp.fastq.gz,1gpu
recital_L3,/jic/archive/projects/watseq/ECS/pr-raw-watseq/WatSeq-modern_global_reads/data/modern_clean2/Recital_9D38861RP3F338338PC_BH32CVDSXY_L3_338338.R1.fastp.fastq.gz,/jic/archive/projects/watseq/ECS/pr-raw-watseq/WatSeq-modern_global_reads/data/modern_clean2/Recital_9D38861RP3F338338PC_BH32CVDSXY_L3_338338.R2.fastp.fastq.gz,1gpu
record_L01,/jic/archive/projects/watseq/My_Book_Duo/Record_DP8400011547BL_L01_567.R1.fastq.gz,/jic/archive/projects/watseq/My_Book_Duo/Record_DP8400011547BL_L01_567.R2.fastq.gz,1gpu
record_L01,/jic/archive/projects/watseq/My_Book_Duo/Record_DP8400011547BL_L01_568.R1.fastq.gz,/jic/archive/projects/watseq/My_Book_Duo/Record_DP8400011547BL_L01_568.R2.fastq.gz,1gpu
record_L01,/jic/archive/projects/watseq/My_Book_Duo/Record_FP200000081BL_L01_567.R1.fastq.gz,/jic/archive/projects/watseq/My_Book_Duo/Record_FP200000081BL_L01_567.R2.fastq.gz,1gpu
record_L01,/jic/archive/projects/watseq/My_Book_Duo/Record_FP200000081BL_L01_568.R1.fastq.gz,/jic/archive/projects/watseq/My_Book_Duo/Record_FP200000081BL_L01_568.R2.fastq.gz,1gpu
regent_L01,/jic/archive/projects/watseq/My_Book_Duo/Regent_FP100001187BR_L01_521.R1.fastq.gz,/jic/archive/projects/watseq/My_Book_Duo/Regent_FP100001187BR_L01_521.R2.fastq.gz,1gpu
regent_L01,/jic/archive/projects/watseq/My_Book_Duo/Regent_FP100001187BR_L01_522.R1.fastq.gz,/jic/archive/projects/watseq/My_Book_Duo/Regent_FP100001187BR_L01_522.R2.fastq.gz,1gpu
renan_L4,/jic/archive/projects/watseq/ECS/pr-raw-watseq/WatSeq-modern_global_reads/data/modern_clean2/Renan_9D38880RP3F350350PA_AH32CJDSXY_L4_350350.R1.fastp.fastq.gz,/jic/archive/projects/watseq/ECS/pr-raw-watseq/WatSeq-modern_global_reads/data/modern_clean2/Renan_9D38880RP3F350350PA_AH32CJDSXY_L4_350350.R2.fastp.fastq.gz,1gpu
renan_L1,/jic/archive/projects/watseq/ECS/pr-raw-watseq/WatSeq-modern_global_reads/data/modern_clean2/Renan_9D38880RP3F350350PA_AH32H3DSXY_L1_350350.R1.fastp.fastq.gz,/jic/archive/projects/watseq/ECS/pr-raw-watseq/WatSeq-modern_global_reads/data/modern_clean2/Renan_9D38880RP3F350350PA_AH32H3DSXY_L1_350350.R2.fastp.fastq.gz,1gpu
renan_L3,/jic/archive/projects/watseq/ECS/pr-raw-watseq/WatSeq-modern_global_reads/data/modern_clean2/Renan_9D38880RP3F350350PB_AH32CJDSXY_L3_350350.R1.fastp.fastq.gz,/jic/archive/projects/watseq/ECS/pr-raw-watseq/WatSeq-modern_global_reads/data/modern_clean2/Renan_9D38880RP3F350350PB_AH32CJDSXY_L3_350350.R2.fastp.fastq.gz,1gpu
renan_L4,/jic/archive/projects/watseq/ECS/pr-raw-watseq/WatSeq-modern_global_reads/data/modern_clean2/Renan_9D38880RP3F350350PB_BH32CVDSXY_L4_350350.R1.fastp.fastq.gz,/jic/archive/projects/watseq/ECS/pr-raw-watseq/WatSeq-modern_global_reads/data/modern_clean2/Renan_9D38880RP3F350350PB_BH32CVDSXY_L4_350350.R2.fastp.fastq.gz,1gpu
rendezvous_L01,/jic/archive/projects/watseq/My_Book_Duo/Rendezvous_FP100001186BR_L01_525.R1.fastq.gz,/jic/archive/projects/watseq/My_Book_Duo/Rendezvous_FP100001186BR_L01_525.R2.fastq.gz,1gpu
rendezvous_L01,/jic/archive/projects/watseq/My_Book_Duo/Rendezvous_FP100001186BR_L01_526.R1.fastq.gz,/jic/archive/projects/watseq/My_Book_Duo/Rendezvous_FP100001186BR_L01_526.R2.fastq.gz,1gpu
revelation_L3,/jic/archive/projects/watseq/ECS/pr-raw-watseq/WatSeq-modern_global_reads/data/modern_clean2/Revelation_9D38925RP3F321321PB_AH32CJDSXY_L3_321321.R1.fastp.fastq.gz,/jic/archive/projects/watseq/ECS/pr-raw-watseq/WatSeq-modern_global_reads/data/modern_clean2/Revelation_9D38925RP3F321321PB_AH32CJDSXY_L3_321321.R2.fastp.fastq.gz,1gpu
revelation_L4,/jic/archive/projects/watseq/ECS/pr-raw-watseq/WatSeq-modern_global_reads/data/modern_clean2/Revelation_9D38925RP3F321321PB_AH33CYDSXY_L4_321321.R1.fastp.fastq.gz,/jic/archive/projects/watseq/ECS/pr-raw-watseq/WatSeq-modern_global_reads/data/modern_clean2/Revelation_9D38925RP3F321321PB_AH33CYDSXY_L4_321321.R2.fastp.fastq.gz,1gpu
revelation_L2,/jic/archive/projects/watseq/ECS/pr-raw-watseq/WatSeq-modern_global_reads/data/modern_clean2/Revelation_9D38925RP3F321321PC_BH322JDSXY_L2_321321.R1.fastp.fastq.gz,/jic/archive/projects/watseq/ECS/pr-raw-watseq/WatSeq-modern_global_reads/data/modern_clean2/Revelation_9D38925RP3F321321PC_BH322JDSXY_L2_321321.R2.fastp.fastq.gz,1gpu
rimpaus_bastard_2_L01,/jic/archive/projects/watseq/My_Book_Duo/Rimpaus_Bastard_2_FP100001186BR_L01_527.R1.fastq.gz,/jic/archive/projects/watseq/My_Book_Duo/Rimpaus_Bastard_2_FP100001186BR_L01_527.R2.fastq.gz,1gpu
rimpaus_bastard_2_L01,/jic/archive/projects/watseq/My_Book_Duo/Rimpaus_Bastard_2_FP100001186BR_L01_528.R1.fastq.gz,/jic/archive/projects/watseq/My_Book_Duo/Rimpaus_Bastard_2_FP100001186BR_L01_528.R2.fastq.gz,1gpu
ritzlhoferneu_L4,/jic/archive/projects/watseq/ECS/pr-raw-watseq/WatSeq-modern_global_reads/data/modern_clean2/RitzlhoferNeu_9D38876RP3F346346PA_BH32CVDSXY_L4_346346.R1.fastp.fastq.gz,/jic/archive/projects/watseq/ECS/pr-raw-watseq/WatSeq-modern_global_reads/data/modern_clean2/RitzlhoferNeu_9D38876RP3F346346PA_BH32CVDSXY_L4_346346.R2.fastp.fastq.gz,1gpu
ritzlhoferneu_L1,/jic/archive/projects/watseq/ECS/pr-raw-watseq/WatSeq-modern_global_reads/data/modern_clean2/RitzlhoferNeu_9D38876RP3F346346PB_AH32H3DSXY_L1_346346.R1.fastp.fastq.gz,/jic/archive/projects/watseq/ECS/pr-raw-watseq/WatSeq-modern_global_reads/data/modern_clean2/RitzlhoferNeu_9D38876RP3F346346PB_AH32H3DSXY_L1_346346.R2.fastp.fastq.gz,1gpu
robigus_L01,/jic/archive/projects/watseq/My_Book_Duo/robigus_DP8400011370TR_L01_529.R1.fastq.gz,/jic/archive/projects/watseq/My_Book_Duo/robigus_DP8400011370TR_L01_529.R2.fastq.gz,1gpu
robigus_L01,/jic/archive/projects/watseq/My_Book_Duo/robigus_DP8400011370TR_L01_530.R1.fastq.gz,/jic/archive/projects/watseq/My_Book_Duo/robigus_DP8400011370TR_L01_530.R2.fastq.gz,1gpu
savannah_L01,/jic/archive/projects/watseq/My_Book_Duo/Savannah_DP8400011545BL_L01_543.R1.fastq.gz,/jic/archive/projects/watseq/My_Book_Duo/Savannah_DP8400011545BL_L01_543.R2.fastq.gz,1gpu
savannah_L01,/jic/archive/projects/watseq/My_Book_Duo/Savannah_DP8400011545BL_L01_544.R1.fastq.gz,/jic/archive/projects/watseq/My_Book_Duo/Savannah_DP8400011545BL_L01_544.R2.fastq.gz,1gpu
schweigers_taca_L2,/jic/archive/projects/watseq/ECS/pr-raw-watseq/WatSeq-modern_global_reads/data/modern_clean2/Schweigers-Taca_9D38867RP3F340340PB_BH32CVDSXY_L2_340340.R1.fastp.fastq.gz,/jic/archive/projects/watseq/ECS/pr-raw-watseq/WatSeq-modern_global_reads/data/modern_clean2/Schweigers-Taca_9D38867RP3F340340PB_BH32CVDSXY_L2_340340.R2.fastp.fastq.gz,1gpu
schweigers_taca_L3,/jic/archive/projects/watseq/ECS/pr-raw-watseq/WatSeq-modern_global_reads/data/modern_clean2/Schweigers-Taca_9D38867RP3F340340PC_BH32CVDSXY_L3_340340.R1.fastp.fastq.gz,/jic/archive/projects/watseq/ECS/pr-raw-watseq/WatSeq-modern_global_reads/data/modern_clean2/Schweigers-Taca_9D38867RP3F340340PC_BH32CVDSXY_L3_340340.R2.fastp.fastq.gz,1gpu
shamrock_L3,/jic/archive/projects/watseq/ECS/pr-raw-watseq/WatSeq-modern_global_reads/data/modern_clean2/Shamrock_9D38927RP3F393393PB_AH32CJDSXY_L3_393393.R1.fastp.fastq.gz,/jic/archive/projects/watseq/ECS/pr-raw-watseq/WatSeq-modern_global_reads/data/modern_clean2/Shamrock_9D38927RP3F393393PB_AH32CJDSXY_L3_393393.R2.fastp.fastq.gz,1gpu
shamrock_L4,/jic/archive/projects/watseq/ECS/pr-raw-watseq/WatSeq-modern_global_reads/data/modern_clean2/Shamrock_9D38927RP3F393393PB_BH2WHTDSXY_L4_393393.R1.fastp.fastq.gz,/jic/archive/projects/watseq/ECS/pr-raw-watseq/WatSeq-modern_global_reads/data/modern_clean2/Shamrock_9D38927RP3F393393PB_BH2WHTDSXY_L4_393393.R2.fastp.fastq.gz,1gpu
shamrock_L2,/jic/archive/projects/watseq/ECS/pr-raw-watseq/WatSeq-modern_global_reads/data/modern_clean2/Shamrock_9D38927RP3F393393PC_AH325HDSXY_L2_393393.R1.fastp.fastq.gz,/jic/archive/projects/watseq/ECS/pr-raw-watseq/WatSeq-modern_global_reads/data/modern_clean2/Shamrock_9D38927RP3F393393PC_AH325HDSXY_L2_393393.R2.fastp.fastq.gz,1gpu
shamrock_L4,/jic/archive/projects/watseq/ECS/pr-raw-watseq/WatSeq-modern_global_reads/data/modern_clean2/Shamrock_9D38927RP3F393393PC_AH32CJDSXY_L4_393393.R1.fastp.fastq.gz,/jic/archive/projects/watseq/ECS/pr-raw-watseq/WatSeq-modern_global_reads/data/modern_clean2/Shamrock_9D38927RP3F393393PC_AH32CJDSXY_L4_393393.R2.fastp.fastq.gz,1gpu
shango_L3,/jic/archive/projects/watseq/ECS/pr-raw-watseq/WatSeq-modern_global_reads/data/modern_clean2/Shango_9D38933RP3F309309PB_AH33CYDSXY_L3_309309.R1.fastp.fastq.gz,/jic/archive/projects/watseq/ECS/pr-raw-watseq/WatSeq-modern_global_reads/data/modern_clean2/Shango_9D38933RP3F309309PB_AH33CYDSXY_L3_309309.R2.fastp.fastq.gz,1gpu
shango_L4,/jic/archive/projects/watseq/ECS/pr-raw-watseq/WatSeq-modern_global_reads/data/modern_clean2/Shango_9D38933RP3F309309PC_AH33CYDSXY_L4_309309.R1.fastp.fastq.gz,/jic/archive/projects/watseq/ECS/pr-raw-watseq/WatSeq-modern_global_reads/data/modern_clean2/Shango_9D38933RP3F309309PC_AH33CYDSXY_L4_309309.R2.fastp.fastq.gz,1gpu
slejpner_L3,/jic/archive/projects/watseq/ECS/pr-raw-watseq/WatSeq-modern_global_reads/data/modern_clean2/Slejpner_9D38850RP3F333333PB_BH322JDSXY_L3_333333.R1.fastp.fastq.gz,/jic/archive/projects/watseq/ECS/pr-raw-watseq/WatSeq-modern_global_reads/data/modern_clean2/Slejpner_9D38850RP3F333333PB_BH322JDSXY_L3_333333.R2.fastp.fastq.gz,1gpu
slejpner_L4,/jic/archive/projects/watseq/ECS/pr-raw-watseq/WatSeq-modern_global_reads/data/modern_clean2/Slejpner_9D38850RP3F333333PC_BH322JDSXY_L4_333333.R1.fastp.fastq.gz,/jic/archive/projects/watseq/ECS/pr-raw-watseq/WatSeq-modern_global_reads/data/modern_clean2/Slejpner_9D38850RP3F333333PC_BH322JDSXY_L4_333333.R2.fastp.fastq.gz,1gpu
soissons_L1,/jic/archive/projects/watseq/ECS/pr-raw-watseq/WatSeq-modern_global_reads/data/modern_clean2/Soissons_9D38863RP3F305305PA_BH322JDSXY_L1_305305.R1.fastp.fastq.gz,/jic/archive/projects/watseq/ECS/pr-raw-watseq/WatSeq-modern_global_reads/data/modern_clean2/Soissons_9D38863RP3F305305PA_BH322JDSXY_L1_305305.R2.fastp.fastq.gz,1gpu
soissons_L4,/jic/archive/projects/watseq/ECS/pr-raw-watseq/WatSeq-modern_global_reads/data/modern_clean2/Soissons_9D38863RP3F305305PA_BH327VDSXY_L4_305305.R1.fastp.fastq.gz,/jic/archive/projects/watseq/ECS/pr-raw-watseq/WatSeq-modern_global_reads/data/modern_clean2/Soissons_9D38863RP3F305305PA_BH327VDSXY_L4_305305.R2.fastp.fastq.gz,1gpu
soissons_L4,/jic/archive/projects/watseq/ECS/pr-raw-watseq/WatSeq-modern_global_reads/data/modern_clean2/Soissons_9D38863RP3F305305PB_AH33CYDSXY_L4_305305.R1.fastp.fastq.gz,/jic/archive/projects/watseq/ECS/pr-raw-watseq/WatSeq-modern_global_reads/data/modern_clean2/Soissons_9D38863RP3F305305PB_AH33CYDSXY_L4_305305.R2.fastp.fastq.gz,1gpu
soleil_L01,/jic/archive/projects/watseq/My_Book_Duo/Soleil_FP100001131BL_L01_525.R1.fastq.gz,/jic/archive/projects/watseq/My_Book_Duo/Soleil_FP100001131BL_L01_525.R2.fastq.gz,1gpu
soleil_L01,/jic/archive/projects/watseq/My_Book_Duo/Soleil_FP100001131BL_L01_526.R1.fastq.gz,/jic/archive/projects/watseq/My_Book_Duo/Soleil_FP100001131BL_L01_526.R2.fastq.gz,1gpu
solstice_L2,/jic/archive/projects/watseq/ECS/pr-raw-watseq/WatSeq-modern_global_reads/data/modern_clean2/solstice_9D38895RP3F368368PB_AH32H3DSXY_L2_368368.R1.fastp.fastq.gz,/jic/archive/projects/watseq/ECS/pr-raw-watseq/WatSeq-modern_global_reads/data/modern_clean2/solstice_9D38895RP3F368368PB_AH32H3DSXY_L2_368368.R2.fastp.fastq.gz,1gpu
solstice_L3,/jic/archive/projects/watseq/ECS/pr-raw-watseq/WatSeq-modern_global_reads/data/modern_clean2/solstice_9D38895RP3F368368PC_AH32CJDSXY_L3_368368.R1.fastp.fastq.gz,/jic/archive/projects/watseq/ECS/pr-raw-watseq/WatSeq-modern_global_reads/data/modern_clean2/solstice_9D38895RP3F368368PC_AH32CJDSXY_L3_368368.R2.fastp.fastq.gz,1gpu
solstice_L3,/jic/archive/projects/watseq/ECS/pr-raw-watseq/WatSeq-modern_global_reads/data/modern_clean2/solstice_9D38895RP3F368368PC_AH32H3DSXY_L3_368368.R1.fastp.fastq.gz,/jic/archive/projects/watseq/ECS/pr-raw-watseq/WatSeq-modern_global_reads/data/modern_clean2/solstice_9D38895RP3F368368PC_AH32H3DSXY_L3_368368.R2.fastp.fastq.gz,1gpu
spark_L2,/jic/archive/projects/watseq/ECS/pr-raw-watseq/WatSeq-modern_global_reads/data/modern_clean2/Spark_9D38928RP3F394394PA_AH325HDSXY_L2_394394.R1.fastp.fastq.gz,/jic/archive/projects/watseq/ECS/pr-raw-watseq/WatSeq-modern_global_reads/data/modern_clean2/Spark_9D38928RP3F394394PA_AH325HDSXY_L2_394394.R2.fastp.fastq.gz,1gpu
spark_L3,/jic/archive/projects/watseq/ECS/pr-raw-watseq/WatSeq-modern_global_reads/data/modern_clean2/Spark_9D38928RP3F394394PA_AH32CJDSXY_L3_394394.R1.fastp.fastq.gz,/jic/archive/projects/watseq/ECS/pr-raw-watseq/WatSeq-modern_global_reads/data/modern_clean2/Spark_9D38928RP3F394394PA_AH32CJDSXY_L3_394394.R2.fastp.fastq.gz,1gpu
spark_L4,/jic/archive/projects/watseq/ECS/pr-raw-watseq/WatSeq-modern_global_reads/data/modern_clean2/Spark_9D38928RP3F394394PB_AH32CJDSXY_L4_394394.R1.fastp.fastq.gz,/jic/archive/projects/watseq/ECS/pr-raw-watseq/WatSeq-modern_global_reads/data/modern_clean2/Spark_9D38928RP3F394394PB_AH32CJDSXY_L4_394394.R2.fastp.fastq.gz,1gpu
spark_L4,/jic/archive/projects/watseq/ECS/pr-raw-watseq/WatSeq-modern_global_reads/data/modern_clean2/Spark_9D38928RP3F394394PB_BH2WHTDSXY_L4_394394.R1.fastp.fastq.gz,/jic/archive/projects/watseq/ECS/pr-raw-watseq/WatSeq-modern_global_reads/data/modern_clean2/Spark_9D38928RP3F394394PB_BH2WHTDSXY_L4_394394.R2.fastp.fastq.gz,1gpu
sperber_L1,/jic/archive/projects/watseq/ECS/pr-raw-watseq/WatSeq-modern_global_reads/data/modern_clean2/Sperber_9D38855RP3F332332PB_AH33CYDSXY_L1_332332.R1.fastp.fastq.gz,/jic/archive/projects/watseq/ECS/pr-raw-watseq/WatSeq-modern_global_reads/data/modern_clean2/Sperber_9D38855RP3F332332PB_AH33CYDSXY_L1_332332.R2.fastp.fastq.gz,1gpu
sperber_L4,/jic/archive/projects/watseq/ECS/pr-raw-watseq/WatSeq-modern_global_reads/data/modern_clean2/Sperber_9D38855RP3F332332PB_BH322JDSXY_L4_332332.R1.fastp.fastq.gz,/jic/archive/projects/watseq/ECS/pr-raw-watseq/WatSeq-modern_global_reads/data/modern_clean2/Sperber_9D38855RP3F332332PB_BH322JDSXY_L4_332332.R2.fastp.fastq.gz,1gpu
sperber_L3,/jic/archive/projects/watseq/ECS/pr-raw-watseq/WatSeq-modern_global_reads/data/modern_clean2/Sperber_9D38855RP3F332332PC_AH32CJDSXY_L3_332332.R1.fastp.fastq.gz,/jic/archive/projects/watseq/ECS/pr-raw-watseq/WatSeq-modern_global_reads/data/modern_clean2/Sperber_9D38855RP3F332332PC_AH32CJDSXY_L3_332332.R2.fastp.fastq.gz,1gpu
sperber_L2,/jic/archive/projects/watseq/ECS/pr-raw-watseq/WatSeq-modern_global_reads/data/modern_clean2/Sperber_9D38855RP3F332332PC_AH33CYDSXY_L2_332332.R1.fastp.fastq.gz,/jic/archive/projects/watseq/ECS/pr-raw-watseq/WatSeq-modern_global_reads/data/modern_clean2/Sperber_9D38855RP3F332332PC_AH33CYDSXY_L2_332332.R2.fastp.fastq.gz,1gpu
spitfire_L01,/jic/archive/projects/watseq/My_Book_Duo/Spitfire_FP100001184BR_L01_519.R1.fastq.gz,/jic/archive/projects/watseq/My_Book_Duo/Spitfire_FP100001184BR_L01_519.R2.fastq.gz,1gpu
spitfire_L01,/jic/archive/projects/watseq/My_Book_Duo/Spitfire_FP100001184BR_L01_520.R1.fastq.gz,/jic/archive/projects/watseq/My_Book_Duo/Spitfire_FP100001184BR_L01_520.R2.fastq.gz,1gpu
sportsman_L01,/jic/archive/projects/watseq/My_Book_Duo/Sportsman_DP8400011551BR_L01_585.R1.fastq.gz,/jic/archive/projects/watseq/My_Book_Duo/Sportsman_DP8400011551BR_L01_585.R2.fastq.gz,1gpu
sportsman_L01,/jic/archive/projects/watseq/My_Book_Duo/Sportsman_DP8400011551BR_L01_586.R1.fastq.gz,/jic/archive/projects/watseq/My_Book_Duo/Sportsman_DP8400011551BR_L01_586.R2.fastq.gz,1gpu
stamm_101_L3,/jic/archive/projects/watseq/ECS/pr-raw-watseq/WatSeq-modern_global_reads/data/modern_clean2/Stamm101_9D38873RP3F344344PB_AH32CJDSXY_L3_344344.R1.fastp.fastq.gz,/jic/archive/projects/watseq/ECS/pr-raw-watseq/WatSeq-modern_global_reads/data/modern_clean2/Stamm101_9D38873RP3F344344PB_AH32CJDSXY_L3_344344.R2.fastp.fastq.gz,1gpu
stamm_101_L2,/jic/archive/projects/watseq/ECS/pr-raw-watseq/WatSeq-modern_global_reads/data/modern_clean2/Stamm101_9D38873RP3F344344PB_BH32CVDSXY_L2_344344.R1.fastp.fastq.gz,/jic/archive/projects/watseq/ECS/pr-raw-watseq/WatSeq-modern_global_reads/data/modern_clean2/Stamm101_9D38873RP3F344344PB_BH32CVDSXY_L2_344344.R2.fastp.fastq.gz,1gpu
stamm_101_L3,/jic/archive/projects/watseq/ECS/pr-raw-watseq/WatSeq-modern_global_reads/data/modern_clean2/Stamm101_9D38873RP3F344344PC_BH32CVDSXY_L3_344344.R1.fastp.fastq.gz,/jic/archive/projects/watseq/ECS/pr-raw-watseq/WatSeq-modern_global_reads/data/modern_clean2/Stamm101_9D38873RP3F344344PC_BH32CVDSXY_L3_344344.R2.fastp.fastq.gz,1gpu
starke_2_L1,/jic/archive/projects/watseq/ECS/pr-raw-watseq/WatSeq-modern_global_reads/data/modern_clean2/Starke2_9D38844RP3F338338PC_BH32CVDSXY_L1_338338.R1.fastp.fastq.gz,/jic/archive/projects/watseq/ECS/pr-raw-watseq/WatSeq-modern_global_reads/data/modern_clean2/Starke2_9D38844RP3F338338PC_BH32CVDSXY_L1_338338.R2.fastp.fastq.gz,1gpu
starke_2_L2,/jic/archive/projects/watseq/ECS/pr-raw-watseq/WatSeq-modern_global_reads/data/modern_clean2/Starke2_9D38844RP3F379379PB_AH2WKGDSXY_L2_379379.R1.fastp.fastq.gz,/jic/archive/projects/watseq/ECS/pr-raw-watseq/WatSeq-modern_global_reads/data/modern_clean2/Starke2_9D38844RP3F379379PB_AH2WKGDSXY_L2_379379.R2.fastp.fastq.gz,1gpu
stava_L01,/jic/archive/projects/watseq/My_Book_Duo/Stava_FP100001137BL_L01_577.R1.fastq.gz,/jic/archive/projects/watseq/My_Book_Duo/Stava_FP100001137BL_L01_577.R2.fastq.gz,1gpu
stava_L01,/jic/archive/projects/watseq/My_Book_Duo/Stava_FP100001137BL_L01_578.R1.fastq.gz,/jic/archive/projects/watseq/My_Book_Duo/Stava_FP100001137BL_L01_578.R2.fastq.gz,1gpu
stella_L1,/jic/archive/projects/watseq/ECS/pr-raw-watseq/WatSeq-modern_global_reads/data/modern_clean2/Stella_9D38944RP3F374374PD_BH32KHDSXY_L1_374374.R1.fastp.fastq.gz,/jic/archive/projects/watseq/ECS/pr-raw-watseq/WatSeq-modern_global_reads/data/modern_clean2/Stella_9D38944RP3F374374PD_BH32KHDSXY_L1_374374.R2.fastp.fastq.gz,1gpu
stella_L2,/jic/archive/projects/watseq/ECS/pr-raw-watseq/WatSeq-modern_global_reads/data/modern_clean2/Stella_9D38944RP3F382382PB_AH32H3DSXY_L2_382382.R1.fastp.fastq.gz,/jic/archive/projects/watseq/ECS/pr-raw-watseq/WatSeq-modern_global_reads/data/modern_clean2/Stella_9D38944RP3F382382PB_AH32H3DSXY_L2_382382.R2.fastp.fastq.gz,1gpu
stella_L3,/jic/archive/projects/watseq/ECS/pr-raw-watseq/WatSeq-modern_global_reads/data/modern_clean2/Stella_9D38944RP3F382382PB_AH32H3DSXY_L3_382382.R1.fastp.fastq.gz,/jic/archive/projects/watseq/ECS/pr-raw-watseq/WatSeq-modern_global_reads/data/modern_clean2/Stella_9D38944RP3F382382PB_AH32H3DSXY_L3_382382.R2.fastp.fastq.gz,1gpu
svale_L2,/jic/archive/projects/watseq/ECS/pr-raw-watseq/WatSeq-modern_global_reads/data/modern_clean2/Svale_9D38872RP3F343343PB_BH32CVDSXY_L2_343343.R1.fastp.fastq.gz,/jic/archive/projects/watseq/ECS/pr-raw-watseq/WatSeq-modern_global_reads/data/modern_clean2/Svale_9D38872RP3F343343PB_BH32CVDSXY_L2_343343.R2.fastp.fastq.gz,1gpu
svale_L3,/jic/archive/projects/watseq/ECS/pr-raw-watseq/WatSeq-modern_global_reads/data/modern_clean2/Svale_9D38872RP3F343343PC_AH32CJDSXY_L3_343343.R1.fastp.fastq.gz,/jic/archive/projects/watseq/ECS/pr-raw-watseq/WatSeq-modern_global_reads/data/modern_clean2/Svale_9D38872RP3F343343PC_AH32CJDSXY_L3_343343.R2.fastp.fastq.gz,1gpu
svale_L3,/jic/archive/projects/watseq/ECS/pr-raw-watseq/WatSeq-modern_global_reads/data/modern_clean2/Svale_9D38872RP3F343343PC_BH32CVDSXY_L3_343343.R1.fastp.fastq.gz,/jic/archive/projects/watseq/ECS/pr-raw-watseq/WatSeq-modern_global_reads/data/modern_clean2/Svale_9D38872RP3F343343PC_BH32CVDSXY_L3_343343.R2.fastp.fastq.gz,1gpu
tadorna_L1,/jic/archive/projects/watseq/ECS/pr-raw-watseq/WatSeq-modern_global_reads/data/modern_clean2/Tadorna_9D38845RP3F335335PC_BH32CVDSXY_L1_335335.R1.fastp.fastq.gz,/jic/archive/projects/watseq/ECS/pr-raw-watseq/WatSeq-modern_global_reads/data/modern_clean2/Tadorna_9D38845RP3F335335PC_BH32CVDSXY_L1_335335.R2.fastp.fastq.gz,1gpu
tadorna_L4,/jic/archive/projects/watseq/ECS/pr-raw-watseq/WatSeq-modern_global_reads/data/modern_clean2/Tadorna_9D38845RP3F376376PB_AH32TYDSXY_L4_376376.R1.fastp.fastq.gz,/jic/archive/projects/watseq/ECS/pr-raw-watseq/WatSeq-modern_global_reads/data/modern_clean2/Tadorna_9D38845RP3F376376PB_AH32TYDSXY_L4_376376.R2.fastp.fastq.gz,1gpu
tadorna_L1,/jic/archive/projects/watseq/ECS/pr-raw-watseq/WatSeq-modern_global_reads/data/modern_clean2/Tadorna_9D38845RP3F376376PB_BH322JDSXY_L1_376376.R1.fastp.fastq.gz,/jic/archive/projects/watseq/ECS/pr-raw-watseq/WatSeq-modern_global_reads/data/modern_clean2/Tadorna_9D38845RP3F376376PB_BH322JDSXY_L1_376376.R2.fastp.fastq.gz,1gpu
talent_L01,/jic/archive/projects/watseq/My_Book_Duo/Talent_DP8400011545BL_L01_541.R1.fastq.gz,/jic/archive/projects/watseq/My_Book_Duo/Talent_DP8400011545BL_L01_541.R2.fastq.gz,1gpu
talent_L01,/jic/archive/projects/watseq/My_Book_Duo/Talent_DP8400011545BL_L01_542.R1.fastq.gz,/jic/archive/projects/watseq/My_Book_Duo/Talent_DP8400011545BL_L01_542.R2.fastq.gz,1gpu
tambor_L01,/jic/archive/projects/watseq/My_Book_Duo/Tambor_DP8400011545BL_L01_539.R1.fastq.gz,/jic/archive/projects/watseq/My_Book_Duo/Tambor_DP8400011545BL_L01_539.R2.fastq.gz,1gpu
tambor_L01,/jic/archive/projects/watseq/My_Book_Duo/Tambor_DP8400011545BL_L01_540.R1.fastq.gz,/jic/archive/projects/watseq/My_Book_Duo/Tambor_DP8400011545BL_L01_540.R2.fastq.gz,1gpu
tandem_L01,/jic/archive/projects/watseq/My_Book_Duo/Tandem_FP100001186BR_L01_531.R1.fastq.gz,/jic/archive/projects/watseq/My_Book_Duo/Tandem_FP100001186BR_L01_531.R2.fastq.gz,1gpu
tandem_L01,/jic/archive/projects/watseq/My_Book_Duo/Tandem_FP100001186BR_L01_532.R1.fastq.gz,/jic/archive/projects/watseq/My_Book_Duo/Tandem_FP100001186BR_L01_532.R2.fastq.gz,1gpu
tanker_L01,/jic/archive/projects/watseq/My_Book_Duo/Tanker_FP100001184BR_L01_533.R1.fastq.gz,/jic/archive/projects/watseq/My_Book_Duo/Tanker_FP100001184BR_L01_533.R2.fastq.gz,1gpu
tanker_L01,/jic/archive/projects/watseq/My_Book_Duo/Tanker_FP100001184BR_L01_534.R1.fastq.gz,/jic/archive/projects/watseq/My_Book_Duo/Tanker_FP100001184BR_L01_534.R2.fastq.gz,1gpu
tanker_L01,/jic/archive/projects/watseq/My_Book_Duo/Tanker_FP100001186BR_L01_533.R1.fastq.gz,/jic/archive/projects/watseq/My_Book_Duo/Tanker_FP100001186BR_L01_533.R2.fastq.gz,1gpu
tanker_L01,/jic/archive/projects/watseq/My_Book_Duo/Tanker_FP100001186BR_L01_534.R1.fastq.gz,/jic/archive/projects/watseq/My_Book_Duo/Tanker_FP100001186BR_L01_534.R2.fastq.gz,1gpu
taras_L3,/jic/archive/projects/watseq/ECS/pr-raw-watseq/WatSeq-modern_global_reads/data/modern_clean2/Taras_9D38886RP3F358358PA_AH32CJDSXY_L3_358358.R1.fastp.fastq.gz,/jic/archive/projects/watseq/ECS/pr-raw-watseq/WatSeq-modern_global_reads/data/modern_clean2/Taras_9D38886RP3F358358PA_AH32CJDSXY_L3_358358.R2.fastp.fastq.gz,1gpu
taras_L4,/jic/archive/projects/watseq/ECS/pr-raw-watseq/WatSeq-modern_global_reads/data/modern_clean2/Taras_9D38886RP3F358358PA_BH32CVDSXY_L4_358358.R1.fastp.fastq.gz,/jic/archive/projects/watseq/ECS/pr-raw-watseq/WatSeq-modern_global_reads/data/modern_clean2/Taras_9D38886RP3F358358PA_BH32CVDSXY_L4_358358.R2.fastp.fastq.gz,1gpu
taras_L4,/jic/archive/projects/watseq/ECS/pr-raw-watseq/WatSeq-modern_global_reads/data/modern_clean2/Taras_9D38886RP3F358358PB_AH32CJDSXY_L4_358358.R1.fastp.fastq.gz,/jic/archive/projects/watseq/ECS/pr-raw-watseq/WatSeq-modern_global_reads/data/modern_clean2/Taras_9D38886RP3F358358PB_AH32CJDSXY_L4_358358.R2.fastp.fastq.gz,1gpu
taras_L1,/jic/archive/projects/watseq/ECS/pr-raw-watseq/WatSeq-modern_global_reads/data/modern_clean2/Taras_9D38886RP3F358358PB_AH32H3DSXY_L1_358358.R1.fastp.fastq.gz,/jic/archive/projects/watseq/ECS/pr-raw-watseq/WatSeq-modern_global_reads/data/modern_clean2/Taras_9D38886RP3F358358PB_AH32H3DSXY_L1_358358.R2.fastp.fastq.gz,1gpu
thor_L2,/jic/archive/projects/watseq/ECS/pr-raw-watseq/WatSeq-modern_global_reads/data/modern_clean2/Thor_9D38814RP3F304304PC_BH32KHDSXY_L2_304304.R1.fastp.fastq.gz,/jic/archive/projects/watseq/ECS/pr-raw-watseq/WatSeq-modern_global_reads/data/modern_clean2/Thor_9D38814RP3F304304PC_BH32KHDSXY_L2_304304.R2.fastp.fastq.gz,1gpu
thor_L2,/jic/archive/projects/watseq/ECS/pr-raw-watseq/WatSeq-modern_global_reads/data/modern_clean2/Thor_9D38814RP3F304304PC_BHYV5TDSXX_L2_304304.R1.fastp.fastq.gz,/jic/archive/projects/watseq/ECS/pr-raw-watseq/WatSeq-modern_global_reads/data/modern_clean2/Thor_9D38814RP3F304304PC_BHYV5TDSXX_L2_304304.R2.fastp.fastq.gz,1gpu
thor_L2,/jic/archive/projects/watseq/ECS/pr-raw-watseq/WatSeq-modern_global_reads/data/modern_clean2/Thor_9D38814RP3F346346PB_BHYV5TDSXX_L2_346346.R1.fastp.fastq.gz,/jic/archive/projects/watseq/ECS/pr-raw-watseq/WatSeq-modern_global_reads/data/modern_clean2/Thor_9D38814RP3F346346PB_BHYV5TDSXX_L2_346346.R2.fastp.fastq.gz,1gpu
titus_L1,/jic/archive/projects/watseq/ECS/pr-raw-watseq/WatSeq-modern_global_reads/data/modern_clean2/Titus_9D38833RP3F342342PA_AH2YKCDSXY_L1_342342.R1.fastp.fastq.gz,/jic/archive/projects/watseq/ECS/pr-raw-watseq/WatSeq-modern_global_reads/data/modern_clean2/Titus_9D38833RP3F342342PA_AH2YKCDSXY_L1_342342.R2.fastp.fastq.gz,1gpu
titus_L1,/jic/archive/projects/watseq/ECS/pr-raw-watseq/WatSeq-modern_global_reads/data/modern_clean2/Titus_9D38833RP3F342342PA_BH32KHDSXY_L1_342342.R1.fastp.fastq.gz,/jic/archive/projects/watseq/ECS/pr-raw-watseq/WatSeq-modern_global_reads/data/modern_clean2/Titus_9D38833RP3F342342PA_BH32KHDSXY_L1_342342.R2.fastp.fastq.gz,1gpu
titus_L1,/jic/archive/projects/watseq/ECS/pr-raw-watseq/WatSeq-modern_global_reads/data/modern_clean2/Titus_9D38833RP3F384384PB_AH2YKCDSXY_L1_384384.R1.fastp.fastq.gz,/jic/archive/projects/watseq/ECS/pr-raw-watseq/WatSeq-modern_global_reads/data/modern_clean2/Titus_9D38833RP3F384384PB_AH2YKCDSXY_L1_384384.R2.fastp.fastq.gz,1gpu
top_L01,/jic/archive/projects/watseq/My_Book_Duo/Top_DP8400011718TR_L01_549.R1.fastq.gz,/jic/archive/projects/watseq/My_Book_Duo/Top_DP8400011718TR_L01_549.R2.fastq.gz,1gpu
top_L01,/jic/archive/projects/watseq/My_Book_Duo/Top_DP8400011718TR_L01_550.R1.fastq.gz,/jic/archive/projects/watseq/My_Book_Duo/Top_DP8400011718TR_L01_550.R2.fastq.gz,1gpu
top_L01,/jic/archive/projects/watseq/My_Book_Duo/Top_FP200000081BL_L01_580.R1.fastq.gz,/jic/archive/projects/watseq/My_Book_Duo/Top_FP200000081BL_L01_580.R2.fastq.gz,1gpu
torch_L01,/jic/archive/projects/watseq/My_Book_Duo/torch_DP8400011550BR_L01_593.R1.fastq.gz,/jic/archive/projects/watseq/My_Book_Duo/torch_DP8400011550BR_L01_593.R2.fastq.gz,1gpu
torch_L01,/jic/archive/projects/watseq/My_Book_Duo/torch_DP8400011550BR_L01_594.R1.fastq.gz,/jic/archive/projects/watseq/My_Book_Duo/torch_DP8400011550BR_L01_594.R2.fastq.gz,1gpu
torfrida_L01,/jic/archive/projects/watseq/My_Book_Duo/Torfrida_FP100001184BR_L01_523.R1.fastq.gz,/jic/archive/projects/watseq/My_Book_Duo/Torfrida_FP100001184BR_L01_523.R2.fastq.gz,1gpu
torfrida_L01,/jic/archive/projects/watseq/My_Book_Duo/Torfrida_FP100001184BR_L01_524.R1.fastq.gz,/jic/archive/projects/watseq/My_Book_Duo/Torfrida_FP100001184BR_L01_524.R2.fastq.gz,1gpu
trafalgar_L01,/jic/archive/projects/watseq/My_Book_Duo/Trafalgar_DP8400011718TR_L01_553.R1.fastq.gz,/jic/archive/projects/watseq/My_Book_Duo/Trafalgar_DP8400011718TR_L01_553.R2.fastq.gz,1gpu
trafalgar_L01,/jic/archive/projects/watseq/My_Book_Duo/Trafalgar_DP8400011718TR_L01_554.R1.fastq.gz,/jic/archive/projects/watseq/My_Book_Duo/Trafalgar_DP8400011718TR_L01_554.R2.fastq.gz,1gpu
trafalgar_L01,/jic/archive/projects/watseq/My_Book_Duo/Trafalgar_FP200000081BL_L01_581.R1.fastq.gz,/jic/archive/projects/watseq/My_Book_Duo/Trafalgar_FP200000081BL_L01_581.R2.fastq.gz,1gpu
tremie_L3,/jic/archive/projects/watseq/ECS/pr-raw-watseq/WatSeq-modern_global_reads/data/modern_clean2/Tremie_9D38862RP3F339339PB_BH32CVDSXY_L3_339339.R1.fastp.fastq.gz,/jic/archive/projects/watseq/ECS/pr-raw-watseq/WatSeq-modern_global_reads/data/modern_clean2/Tremie_9D38862RP3F339339PB_BH32CVDSXY_L3_339339.R2.fastp.fastq.gz,1gpu
tremie_L2,/jic/archive/projects/watseq/ECS/pr-raw-watseq/WatSeq-modern_global_reads/data/modern_clean2/Tremie_9D38862RP3F339339PC_BH32CVDSXY_L2_339339.R1.fastp.fastq.gz,/jic/archive/projects/watseq/ECS/pr-raw-watseq/WatSeq-modern_global_reads/data/modern_clean2/Tremie_9D38862RP3F339339PC_BH32CVDSXY_L2_339339.R2.fastp.fastq.gz,1gpu
triumph_ndl_L01,/jic/archive/projects/watseq/My_Book_Duo/Triumph_NDL_FP100001131BL_L01_513.R1.fastq.gz,/jic/archive/projects/watseq/My_Book_Duo/Triumph_NDL_FP100001131BL_L01_513.R2.fastq.gz,1gpu
triumph_ndl_L01,/jic/archive/projects/watseq/My_Book_Duo/Triumph_NDL_FP100001131BL_L01_514.R1.fastq.gz,/jic/archive/projects/watseq/My_Book_Duo/Triumph_NDL_FP100001131BL_L01_514.R2.fastq.gz,1gpu
turpin_L01,/jic/archive/projects/watseq/My_Book_Duo/Turpin_FP100001186BR_L01_529.R1.fastq.gz,/jic/archive/projects/watseq/My_Book_Duo/Turpin_FP100001186BR_L01_529.R2.fastq.gz,1gpu
turpin_L01,/jic/archive/projects/watseq/My_Book_Duo/Turpin_FP100001186BR_L01_530.R1.fastq.gz,/jic/archive/projects/watseq/My_Book_Duo/Turpin_FP100001186BR_L01_530.R2.fastq.gz,1gpu
urban_L01,/jic/archive/projects/watseq/My_Book_Duo/Urban_FP100001187BR_L01_513.R1.fastq.gz,/jic/archive/projects/watseq/My_Book_Duo/Urban_FP100001187BR_L01_513.R2.fastq.gz,1gpu
urban_L01,/jic/archive/projects/watseq/My_Book_Duo/Urban_FP100001187BR_L01_514.R1.fastq.gz,/jic/archive/projects/watseq/My_Book_Duo/Urban_FP100001187BR_L01_514.R2.fastq.gz,1gpu
vaguedepis_L3,/jic/archive/projects/watseq/ECS/pr-raw-watseq/WatSeq-modern_global_reads/data/modern_clean2/Vaguedepis_9D38821RP3F314314PC_BHYV5TDSXX_L3_314314.R1.fastp.fastq.gz,/jic/archive/projects/watseq/ECS/pr-raw-watseq/WatSeq-modern_global_reads/data/modern_clean2/Vaguedepis_9D38821RP3F314314PC_BHYV5TDSXX_L3_314314.R2.fastp.fastq.gz,1gpu
vaguedepis_L4,/jic/archive/projects/watseq/ECS/pr-raw-watseq/WatSeq-modern_global_reads/data/modern_clean2/Vaguedepis_9D38821RP3F356356PB_BH327VDSXY_L4_356356.R1.fastp.fastq.gz,/jic/archive/projects/watseq/ECS/pr-raw-watseq/WatSeq-modern_global_reads/data/modern_clean2/Vaguedepis_9D38821RP3F356356PB_BH327VDSXY_L4_356356.R2.fastp.fastq.gz,1gpu
vaguedepis_L3,/jic/archive/projects/watseq/ECS/pr-raw-watseq/WatSeq-modern_global_reads/data/modern_clean2/Vaguedepis_9D38821RP3F356356PB_BHYV5TDSXX_L3_356356.R1.fastp.fastq.gz,/jic/archive/projects/watseq/ECS/pr-raw-watseq/WatSeq-modern_global_reads/data/modern_clean2/Vaguedepis_9D38821RP3F356356PB_BHYV5TDSXX_L3_356356.R2.fastp.fastq.gz,1gpu
veritas_L3,/jic/archive/projects/watseq/ECS/pr-raw-watseq/WatSeq-modern_global_reads/data/modern_clean2/veritas_9D38894RP3F323323PB_AH32CJDSXY_L3_323323.R1.fastp.fastq.gz,/jic/archive/projects/watseq/ECS/pr-raw-watseq/WatSeq-modern_global_reads/data/modern_clean2/veritas_9D38894RP3F323323PB_AH32CJDSXY_L3_323323.R2.fastp.fastq.gz,1gpu
veritas_L1,/jic/archive/projects/watseq/ECS/pr-raw-watseq/WatSeq-modern_global_reads/data/modern_clean2/veritas_9D38894RP3F323323PB_BH32CVDSXY_L1_323323.R1.fastp.fastq.gz,/jic/archive/projects/watseq/ECS/pr-raw-watseq/WatSeq-modern_global_reads/data/modern_clean2/veritas_9D38894RP3F323323PB_BH32CVDSXY_L1_323323.R2.fastp.fastq.gz,1gpu
veritas_L2,/jic/archive/projects/watseq/ECS/pr-raw-watseq/WatSeq-modern_global_reads/data/modern_clean2/veritas_9D38894RP3F323323PC_BH322JDSXY_L2_323323.R1.fastp.fastq.gz,/jic/archive/projects/watseq/ECS/pr-raw-watseq/WatSeq-modern_global_reads/data/modern_clean2/veritas_9D38894RP3F323323PC_BH322JDSXY_L2_323323.R2.fastp.fastq.gz,1gpu
vilmorin_27_L3,/jic/archive/projects/watseq/ECS/pr-raw-watseq/WatSeq-modern_global_reads/data/modern_clean2/Vilmorin27_9D38822RP3F311311PA_BHYV5TDSXX_L3_311311.R1.fastp.fastq.gz,/jic/archive/projects/watseq/ECS/pr-raw-watseq/WatSeq-modern_global_reads/data/modern_clean2/Vilmorin27_9D38822RP3F311311PA_BHYV5TDSXX_L3_311311.R2.fastp.fastq.gz,1gpu
vilmorin_27_L1,/jic/archive/projects/watseq/ECS/pr-raw-watseq/WatSeq-modern_global_reads/data/modern_clean2/Vilmorin27_9D38822RP3F352352PB_BH32KHDSXY_L1_352352.R1.fastp.fastq.gz,/jic/archive/projects/watseq/ECS/pr-raw-watseq/WatSeq-modern_global_reads/data/modern_clean2/Vilmorin27_9D38822RP3F352352PB_BH32KHDSXY_L1_352352.R2.fastp.fastq.gz,1gpu
vilmorin_27_L3,/jic/archive/projects/watseq/ECS/pr-raw-watseq/WatSeq-modern_global_reads/data/modern_clean2/Vilmorin27_9D38822RP3F352352PB_BHYV5TDSXX_L3_352352.R1.fastp.fastq.gz,/jic/archive/projects/watseq/ECS/pr-raw-watseq/WatSeq-modern_global_reads/data/modern_clean2/Vilmorin27_9D38822RP3F352352PB_BHYV5TDSXX_L3_352352.R2.fastp.fastq.gz,1gpu
vilmorin_53_L1,/jic/archive/projects/watseq/ECS/pr-raw-watseq/WatSeq-modern_global_reads/data/modern_clean2/Vilmorin-53_9D38823RP3F305305PA_BH32KHDSXY_L1_305305.R1.fastp.fastq.gz,/jic/archive/projects/watseq/ECS/pr-raw-watseq/WatSeq-modern_global_reads/data/modern_clean2/Vilmorin-53_9D38823RP3F305305PA_BH32KHDSXY_L1_305305.R2.fastp.fastq.gz,1gpu
vilmorin_53_L4,/jic/archive/projects/watseq/ECS/pr-raw-watseq/WatSeq-modern_global_reads/data/modern_clean2/Vilmorin-53_9D38823RP3F305305PA_BHYV5TDSXX_L4_305305.R1.fastp.fastq.gz,/jic/archive/projects/watseq/ECS/pr-raw-watseq/WatSeq-modern_global_reads/data/modern_clean2/Vilmorin-53_9D38823RP3F305305PA_BHYV5TDSXX_L4_305305.R2.fastp.fastq.gz,1gpu
vilmorin_53_L4,/jic/archive/projects/watseq/ECS/pr-raw-watseq/WatSeq-modern_global_reads/data/modern_clean2/Vilmorin-53_9D38823RP3F347347PB_BHYV5TDSXX_L4_347347.R1.fastp.fastq.gz,/jic/archive/projects/watseq/ECS/pr-raw-watseq/WatSeq-modern_global_reads/data/modern_clean2/Vilmorin-53_9D38823RP3F347347PB_BHYV5TDSXX_L4_347347.R2.fastp.fastq.gz,1gpu
virgo_L1,/jic/archive/projects/watseq/ECS/pr-raw-watseq/WatSeq-modern_global_reads/data/modern_clean2/Virgo_9D38831RP3F319319PA_AH2YKCDSXY_L1_319319.R1.fastp.fastq.gz,/jic/archive/projects/watseq/ECS/pr-raw-watseq/WatSeq-modern_global_reads/data/modern_clean2/Virgo_9D38831RP3F319319PA_AH2YKCDSXY_L1_319319.R2.fastp.fastq.gz,1gpu
virgo_L1,/jic/archive/projects/watseq/ECS/pr-raw-watseq/WatSeq-modern_global_reads/data/modern_clean2/Virgo_9D38831RP3F360360PB_AH2YKCDSXY_L1_360360.R1.fastp.fastq.gz,/jic/archive/projects/watseq/ECS/pr-raw-watseq/WatSeq-modern_global_reads/data/modern_clean2/Virgo_9D38831RP3F360360PB_AH2YKCDSXY_L1_360360.R2.fastp.fastq.gz,1gpu
vocal_L01,/jic/archive/projects/watseq/My_Book_Duo/Vocal_DP8400011551BR_L01_583.R1.fastq.gz,/jic/archive/projects/watseq/My_Book_Duo/Vocal_DP8400011551BR_L01_583.R2.fastq.gz,1gpu
vocal_L01,/jic/archive/projects/watseq/My_Book_Duo/Vocal_DP8400011551BR_L01_584.R1.fastq.gz,/jic/archive/projects/watseq/My_Book_Duo/Vocal_DP8400011551BR_L01_584.R2.fastq.gz,1gpu
voyage_L01,/jic/archive/projects/watseq/My_Book_Duo/Voyage_DP8400011551BR_L01_591.R1.fastq.gz,/jic/archive/projects/watseq/My_Book_Duo/Voyage_DP8400011551BR_L01_591.R2.fastq.gz,1gpu
voyage_L01,/jic/archive/projects/watseq/My_Book_Duo/Voyage_DP8400011551BR_L01_592.R1.fastq.gz,/jic/archive/projects/watseq/My_Book_Duo/Voyage_DP8400011551BR_L01_592.R2.fastq.gz,1gpu
walde_L01,/jic/archive/projects/watseq/My_Book_Duo/Walde_DP8400011548BL_L01_569.R1.fastq.gz,/jic/archive/projects/watseq/My_Book_Duo/Walde_DP8400011548BL_L01_569.R2.fastq.gz,1gpu
walde_L01,/jic/archive/projects/watseq/My_Book_Duo/Walde_DP8400011548BL_L01_570.R1.fastq.gz,/jic/archive/projects/watseq/My_Book_Duo/Walde_DP8400011548BL_L01_570.R2.fastq.gz,1gpu
warrior_L01,/jic/archive/projects/watseq/My_Book_Duo/Warrior_FP100001137BL_L01_537.R1.fastq.gz,/jic/archive/projects/watseq/My_Book_Duo/Warrior_FP100001137BL_L01_537.R2.fastq.gz,1gpu
warrior_L01,/jic/archive/projects/watseq/My_Book_Duo/Warrior_FP100001137BL_L01_538.R1.fastq.gz,/jic/archive/projects/watseq/My_Book_Duo/Warrior_FP100001137BL_L01_538.R2.fastq.gz,1gpu
wasp_L3,/jic/archive/projects/watseq/ECS/pr-raw-watseq/WatSeq-modern_global_reads/data/modern_clean2/wasp_9D38891RP3F364364PA_AH32CJDSXY_L3_364364.R1.fastp.fastq.gz,/jic/archive/projects/watseq/ECS/pr-raw-watseq/WatSeq-modern_global_reads/data/modern_clean2/wasp_9D38891RP3F364364PA_AH32CJDSXY_L3_364364.R2.fastp.fastq.gz,1gpu
wasp_L2,/jic/archive/projects/watseq/ECS/pr-raw-watseq/WatSeq-modern_global_reads/data/modern_clean2/wasp_9D38891RP3F364364PA_AH32H3DSXY_L2_364364.R1.fastp.fastq.gz,/jic/archive/projects/watseq/ECS/pr-raw-watseq/WatSeq-modern_global_reads/data/modern_clean2/wasp_9D38891RP3F364364PA_AH32H3DSXY_L2_364364.R2.fastp.fastq.gz,1gpu
wasp_L4,/jic/archive/projects/watseq/ECS/pr-raw-watseq/WatSeq-modern_global_reads/data/modern_clean2/wasp_9D38891RP3F364364PB_AH32CJDSXY_L4_364364.R1.fastp.fastq.gz,/jic/archive/projects/watseq/ECS/pr-raw-watseq/WatSeq-modern_global_reads/data/modern_clean2/wasp_9D38891RP3F364364PB_AH32CJDSXY_L4_364364.R2.fastp.fastq.gz,1gpu
wasp_L3,/jic/archive/projects/watseq/ECS/pr-raw-watseq/WatSeq-modern_global_reads/data/modern_clean2/wasp_9D38891RP3F364364PB_AH32H3DSXY_L3_364364.R1.fastp.fastq.gz,/jic/archive/projects/watseq/ECS/pr-raw-watseq/WatSeq-modern_global_reads/data/modern_clean2/wasp_9D38891RP3F364364PB_AH32H3DSXY_L3_364364.R2.fastp.fastq.gz,1gpu
werla_L2,/jic/archive/projects/watseq/ECS/pr-raw-watseq/WatSeq-modern_global_reads/data/modern_clean2/Werla_9D38817RP3F318318PC_BHYV5TDSXX_L2_318318.R1.fastp.fastq.gz,/jic/archive/projects/watseq/ECS/pr-raw-watseq/WatSeq-modern_global_reads/data/modern_clean2/Werla_9D38817RP3F318318PC_BHYV5TDSXX_L2_318318.R2.fastp.fastq.gz,1gpu
werla_L1,/jic/archive/projects/watseq/ECS/pr-raw-watseq/WatSeq-modern_global_reads/data/modern_clean2/Werla_9D38817RP3F359359PB_BH32KHDSXY_L1_359359.R1.fastp.fastq.gz,/jic/archive/projects/watseq/ECS/pr-raw-watseq/WatSeq-modern_global_reads/data/modern_clean2/Werla_9D38817RP3F359359PB_BH32KHDSXY_L1_359359.R2.fastp.fastq.gz,1gpu
werla_L2,/jic/archive/projects/watseq/ECS/pr-raw-watseq/WatSeq-modern_global_reads/data/modern_clean2/Werla_9D38817RP3F359359PB_BHYV5TDSXX_L2_359359.R1.fastp.fastq.gz,/jic/archive/projects/watseq/ECS/pr-raw-watseq/WatSeq-modern_global_reads/data/modern_clean2/Werla_9D38817RP3F359359PB_BHYV5TDSXX_L2_359359.R2.fastp.fastq.gz,1gpu
wizard_L01,/jic/archive/projects/watseq/My_Book_Duo/Wizard_DP8400011681BR_L01_501.R1.fastq.gz,/jic/archive/projects/watseq/My_Book_Duo/Wizard_DP8400011681BR_L01_501.R2.fastq.gz,1gpu
wizard_L01,/jic/archive/projects/watseq/My_Book_Duo/Wizard_DP8400011681BR_L01_502.R1.fastq.gz,/jic/archive/projects/watseq/My_Book_Duo/Wizard_DP8400011681BR_L01_502.R2.fastq.gz,1gpu
wizard_L01,/jic/archive/projects/watseq/My_Book_Duo/Wizard_FP200000081BL_L01_501.R1.fastq.gz,/jic/archive/projects/watseq/My_Book_Duo/Wizard_FP200000081BL_L01_501.R2.fastq.gz,1gpu
wizard_L01,/jic/archive/projects/watseq/My_Book_Duo/Wizard_FP200000081BL_L01_502.R1.fastq.gz,/jic/archive/projects/watseq/My_Book_Duo/Wizard_FP200000081BL_L01_502.R2.fastq.gz,1gpu
xi_19_L01,/jic/archive/projects/watseq/My_Book_Duo/Xi_19_DP8400011548BL_L01_581.R1.fastq.gz,/jic/archive/projects/watseq/My_Book_Duo/Xi_19_DP8400011548BL_L01_581.R2.fastq.gz,1gpu
xi_19_L01,/jic/archive/projects/watseq/My_Book_Duo/Xi_19_DP8400011548BL_L01_582.R1.fastq.gz,/jic/archive/projects/watseq/My_Book_Duo/Xi_19_DP8400011548BL_L01_582.R2.fastq.gz,1gpu
zemon_L01,/jic/archive/projects/watseq/My_Book_Duo/Zemon_FP100001131BL_L01_517.R1.fastq.gz,/jic/archive/projects/watseq/My_Book_Duo/Zemon_FP100001131BL_L01_517.R2.fastq.gz,1gpu
zemon_L01,/jic/archive/projects/watseq/My_Book_Duo/Zemon_FP100001131BL_L01_518.R1.fastq.gz,/jic/archive/projects/watseq/My_Book_Duo/Zemon_FP100001131BL_L01_518.R2.fastq.gz,1gpu
bersee_L01,/jic/archive/projects/watseq/My_Book_Duo/Bersee_DP8400011526TL_L01_551.R1.fastq.gz,/jic/archive/projects/watseq/My_Book_Duo/Bersee_DP8400011526TL_L01_551.R2.fastq.gz,1gpu
bersee_L01,/jic/archive/projects/watseq/My_Book_Duo/Bersee_DP8400011526TL_L01_552.R1.fastq.gz,/jic/archive/projects/watseq/My_Book_Duo/Bersee_DP8400011526TL_L01_552.R2.fastq.gz,1gpu
bersee_L01,/jic/archive/projects/watseq/My_Book_Duo/Bersee_DP8400011697BL_L01_551.R1.fastq.gz,/jic/archive/projects/watseq/My_Book_Duo/Bersee_DP8400011697BL_L01_551.R2.fastq.gz,1gpu
bersee_L01,/jic/archive/projects/watseq/My_Book_Duo/Bersee_DP8400011697BL_L01_552.R1.fastq.gz,/jic/archive/projects/watseq/My_Book_Duo/Bersee_DP8400011697BL_L01_552.R2.fastq.gz,1gpu
boreonos_L4,/jic/archive/projects/watseq/ECS/pr-raw-watseq/WatSeq-modern_global_reads/data/modern_clean1/Boreonos_9D38881RP3F351351PA_BH32CVDSXY_L4_351351.R1.fastp.fastq.gz,/jic/archive/projects/watseq/ECS/pr-raw-watseq/WatSeq-modern_global_reads/data/modern_clean1/Boreonos_9D38881RP3F351351PA_BH32CVDSXY_L4_351351.R2.fastp.fastq.gz,1gpu
boreonos_L1,/jic/archive/projects/watseq/ECS/pr-raw-watseq/WatSeq-modern_global_reads/data/modern_clean1/Boreonos_9D38881RP3F351351PB_AH32H3DSXY_L1_351351.R1.fastp.fastq.gz,/jic/archive/projects/watseq/ECS/pr-raw-watseq/WatSeq-modern_global_reads/data/modern_clean1/Boreonos_9D38881RP3F351351PB_AH32H3DSXY_L1_351351.R2.fastp.fastq.gz,1gpu
claire_(10+pan)_L4,/jic/archive/projects/watseq/ECS/pr-raw-watseq/WatSeq-modern_global_reads/data/modern_clean1/Joss-Cambier_9D38825RP3F316316PA_BHYV5TDSXX_L4_316316.R1.fastp.fastq.gz,/jic/archive/projects/watseq/ECS/pr-raw-watseq/WatSeq-modern_global_reads/data/modern_clean1/Joss-Cambier_9D38825RP3F316316PA_BHYV5TDSXX_L4_316316.R2.fastp.fastq.gz,1gpu
claire_(10+pan)_L2,/jic/archive/projects/watseq/ECS/pr-raw-watseq/WatSeq-modern_global_reads/data/modern_clean1/Joss-Cambier_9D38825RP3F357357PB_AH325HDSXY_L2_357357.R1.fastp.fastq.gz,/jic/archive/projects/watseq/ECS/pr-raw-watseq/WatSeq-modern_global_reads/data/modern_clean1/Joss-Cambier_9D38825RP3F357357PB_AH325HDSXY_L2_357357.R2.fastp.fastq.gz,1gpu
claire_(10+pan)_L4,/jic/archive/projects/watseq/ECS/pr-raw-watseq/WatSeq-modern_global_reads/data/modern_clean1/Joss-Cambier_9D38825RP3F357357PB_BHYV5TDSXX_L4_357357.R1.fastp.fastq.gz,/jic/archive/projects/watseq/ECS/pr-raw-watseq/WatSeq-modern_global_reads/data/modern_clean1/Joss-Cambier_9D38825RP3F357357PB_BHYV5TDSXX_L4_357357.R2.fastp.fastq.gz,1gpu
joss_cambier_L4,/jic/archive/projects/watseq/ECS/pr-raw-watseq/WatSeq-modern_global_reads/data/modern_clean1/Joss-Cambier_9D38825RP3F316316PA_BHYV5TDSXX_L4_316316.R1.fastp.fastq.gz,/jic/archive/projects/watseq/ECS/pr-raw-watseq/WatSeq-modern_global_reads/data/modern_clean1/Joss-Cambier_9D38825RP3F316316PA_BHYV5TDSXX_L4_316316.R2.fastp.fastq.gz,1gpu
joss_cambier_L2,/jic/archive/projects/watseq/ECS/pr-raw-watseq/WatSeq-modern_global_reads/data/modern_clean1/Joss-Cambier_9D38825RP3F357357PB_AH325HDSXY_L2_357357.R1.fastp.fastq.gz,/jic/archive/projects/watseq/ECS/pr-raw-watseq/WatSeq-modern_global_reads/data/modern_clean1/Joss-Cambier_9D38825RP3F357357PB_AH325HDSXY_L2_357357.R2.fastp.fastq.gz,1gpu
joss_cambier_L4,/jic/archive/projects/watseq/ECS/pr-raw-watseq/WatSeq-modern_global_reads/data/modern_clean1/Joss-Cambier_9D38825RP3F357357PB_BHYV5TDSXX_L4_357357.R1.fastp.fastq.gz,/jic/archive/projects/watseq/ECS/pr-raw-watseq/WatSeq-modern_global_reads/data/modern_clean1/Joss-Cambier_9D38825RP3F357357PB_BHYV5TDSXX_L4_357357.R2.fastp.fastq.gz,1gpu
mironovska_L2,/jic/archive/projects/watseq/ECS/pr-raw-watseq/WatSeq-modern_global_reads/data/modern_clean2/Mironovska_9D38834RP3F344344PC_AH33CYDSXY_L2_344344.R1.fastp.fastq.gz,/jic/archive/projects/watseq/ECS/pr-raw-watseq/WatSeq-modern_global_reads/data/modern_clean2/Mironovska_9D38834RP3F344344PC_AH33CYDSXY_L2_344344.R2.fastp.fastq.gz,1gpu
mironovska_L2,/jic/archive/projects/watseq/ECS/pr-raw-watseq/WatSeq-modern_global_reads/data/modern_clean2/Mironovska_9D38834RP3F387387PB_AH33CYDSXY_L2_387387.R1.fastp.fastq.gz,/jic/archive/projects/watseq/ECS/pr-raw-watseq/WatSeq-modern_global_reads/data/modern_clean2/Mironovska_9D38834RP3F387387PB_AH33CYDSXY_L2_387387.R2.fastp.fastq.gz,1gpu
riband_L1,/jic/archive/projects/watseq/ECS/pr-raw-watseq/WatSeq-modern_global_reads/data/modern_clean2/Riband_9D38849RP3F323323PC_AH33CYDSXY_L1_323323.R1.fastp.fastq.gz,/jic/archive/projects/watseq/ECS/pr-raw-watseq/WatSeq-modern_global_reads/data/modern_clean2/Riband_9D38849RP3F323323PC_AH33CYDSXY_L1_323323.R2.fastp.fastq.gz,1gpu
riband_L2,/jic/archive/projects/watseq/ECS/pr-raw-watseq/WatSeq-modern_global_reads/data/modern_clean2/Riband_9D38849RP3F365365PB_AH2WKGDSXY_L2_365365.R1.fastp.fastq.gz,/jic/archive/projects/watseq/ECS/pr-raw-watseq/WatSeq-modern_global_reads/data/modern_clean2/Riband_9D38849RP3F365365PB_AH2WKGDSXY_L2_365365.R2.fastp.fastq.gz,1gpu
scipion_L3,/jic/archive/projects/watseq/ECS/pr-raw-watseq/WatSeq-modern_global_reads/data/modern_clean2/Scipion_9D38860RP3F318318PA_BH322JDSXY_L3_318318.R1.fastp.fastq.gz,/jic/archive/projects/watseq/ECS/pr-raw-watseq/WatSeq-modern_global_reads/data/modern_clean2/Scipion_9D38860RP3F318318PA_BH322JDSXY_L3_318318.R2.fastp.fastq.gz,1gpu
scipion_L4,/jic/archive/projects/watseq/ECS/pr-raw-watseq/WatSeq-modern_global_reads/data/modern_clean2/Scipion_9D38860RP3F318318PB_BH322JDSXY_L4_318318.R1.fastp.fastq.gz,/jic/archive/projects/watseq/ECS/pr-raw-watseq/WatSeq-modern_global_reads/data/modern_clean2/Scipion_9D38860RP3F318318PB_BH322JDSXY_L4_318318.R2.fastp.fastq.gz,1gpu
tschermaks_L2,/jic/archive/projects/watseq/ECS/pr-raw-watseq/WatSeq-modern_global_reads/data/modern_clean2/Tschermaks_9D38887RP3F359359PA_BH2WHTDSXY_L2_359359.R1.fastp.fastq.gz,/jic/archive/projects/watseq/ECS/pr-raw-watseq/WatSeq-modern_global_reads/data/modern_clean2/Tschermaks_9D38887RP3F359359PA_BH2WHTDSXY_L2_359359.R2.fastp.fastq.gz,1gpu
tschermaks_L3,/jic/archive/projects/watseq/ECS/pr-raw-watseq/WatSeq-modern_global_reads/data/modern_clean2/Tschermaks_9D38887RP3F359359PB_BH2WHTDSXY_L3_359359.R1.fastp.fastq.gz,/jic/archive/projects/watseq/ECS/pr-raw-watseq/WatSeq-modern_global_reads/data/modern_clean2/Tschermaks_9D38887RP3F359359PB_BH2WHTDSXY_L3_359359.R2.fastp.fastq.gz,1gpu
zentos_L01,/jic/archive/projects/watseq/My_Book_Duo/Zentos_DP8400011513TR_L01_547.R1.fastq.gz,/jic/archive/projects/watseq/My_Book_Duo/Zentos_DP8400011513TR_L01_547.R2.fastq.gz,1gpu
zentos_L01,/jic/archive/projects/watseq/My_Book_Duo/Zentos_DP8400011513TR_L01_548.R1.fastq.gz,/jic/archive/projects/watseq/My_Book_Duo/Zentos_DP8400011513TR_L01_548.R2.fastq.gz,1gpu
watde0287_L1,/jic/archive/projects/watseq/ECS/pr-raw-watseq/Wat287-379/data/WATDE0287_9D14749RP3F317317PA_AHK2G2DSXX_L1_317317.R1.fastp.fastq.gz,/jic/archive/projects/watseq/ECS/pr-raw-watseq/Wat287-379/data/WATDE0287_9D14749RP3F317317PA_AHK2G2DSXX_L1_317317.R2.fastp.fastq.gz,1gpu
watde0287_L3,/jic/archive/projects/watseq/ECS/pr-raw-watseq/Wat287-379/data/WATDE0287_9D14749RP3F317317PA_BHLWWCDSXX_L3_317317.R1.fastp.fastq.gz,/jic/archive/projects/watseq/ECS/pr-raw-watseq/Wat287-379/data/WATDE0287_9D14749RP3F317317PA_BHLWWCDSXX_L3_317317.R2.fastp.fastq.gz,1gpu
watde0287_L4,/jic/archive/projects/watseq/ECS/pr-raw-watseq/Wat287-379/data/WATDE0287_9D14749RP3F317317PB_BHJWTLDSXX_L4_317317.R1.fastp.fastq.gz,/jic/archive/projects/watseq/ECS/pr-raw-watseq/Wat287-379/data/WATDE0287_9D14749RP3F317317PB_BHJWTLDSXX_L4_317317.R2.fastp.fastq.gz,1gpu
watde0498_L4,/jic/archive/projects/watseq/ECS/pr-raw-watseq/Wat463-558/data/WATDE0498_9D14871RP3F326326PA_BHLWYFDSXX_L4_326326.R1.fastp.fastq.gz,/jic/archive/projects/watseq/ECS/pr-raw-watseq/Wat463-558/data/WATDE0498_9D14871RP3F326326PA_BHLWYFDSXX_L4_326326.R2.fastp.fastq.gz,1gpu
watde0498_L3,/jic/archive/projects/watseq/ECS/pr-raw-watseq/Wat463-558/data/WATDE0498_9D14871RP3F326326PB_BHLWYFDSXX_L3_326326.R1.fastp.fastq.gz,/jic/archive/projects/watseq/ECS/pr-raw-watseq/Wat463-558/data/WATDE0498_9D14871RP3F326326PB_BHLWYFDSXX_L3_326326.R2.fastp.fastq.gz,1gpu
watde0255_L1,/jic/archive/projects/watseq/ECS/pr-raw-watseq/Wat204-286/data/WATDE0255_9D14731RP3F376376PA_BHJ7T2DSXX_L1_376376.R1.fastp.fastq.gz,/jic/archive/projects/watseq/ECS/pr-raw-watseq/Wat204-286/data/WATDE0255_9D14731RP3F376376PA_BHJ7T2DSXX_L1_376376.R2.fastp.fastq.gz,1gpu
watde0255_L2,/jic/archive/projects/watseq/ECS/pr-raw-watseq/Wat204-286/data/WATDE0255_9D14731RP3F376376PB_BHJ7T2DSXX_L2_376376.R1.fastp.fastq.gz,/jic/archive/projects/watseq/ECS/pr-raw-watseq/Wat204-286/data/WATDE0255_9D14731RP3F376376PB_BHJ7T2DSXX_L2_376376.R2.fastp.fastq.gz,1gpu
watde0859_L4,/jic/archive/projects/watseq/ECS/pr-raw-watseq/Wat797-879/data/WATDE0859_9D15058RP3F355355PA_AHLWLVDSXX_L4_355355.R1.fastp.fastq.gz,/jic/archive/projects/watseq/ECS/pr-raw-watseq/Wat797-879/data/WATDE0859_9D15058RP3F355355PA_AHLWLVDSXX_L4_355355.R2.fastp.fastq.gz,1gpu
watde0859_L1,/jic/archive/projects/watseq/ECS/pr-raw-watseq/Wat797-879/data/WATDE0859_9D15058RP3F355355PB_BHLWY5DSXX_L1_355355.R1.fastp.fastq.gz,/jic/archive/projects/watseq/ECS/pr-raw-watseq/Wat797-879/data/WATDE0859_9D15058RP3F355355PB_BHLWY5DSXX_L1_355355.R2.fastp.fastq.gz,1gpu
watde0918_L2,/jic/archive/projects/watseq/ECS/pr-raw-watseq/Wat880-953/data/WATDE0918_9D15094RP3F332332PA_AHLYFCDSXX_L2_332332.R1.fastp.fastq.gz,/jic/archive/projects/watseq/ECS/pr-raw-watseq/Wat880-953/data/WATDE0918_9D15094RP3F332332PA_AHLYFCDSXX_L2_332332.R2.fastp.fastq.gz,1gpu
watde0918_L2,/jic/archive/projects/watseq/ECS/pr-raw-watseq/Wat880-953/data/WATDE0918_9D15094RP3F332332PB_BHJTWTDSXX_L2_332332.R1.fastp.fastq.gz,/jic/archive/projects/watseq/ECS/pr-raw-watseq/Wat880-953/data/WATDE0918_9D15094RP3F332332PB_BHJTWTDSXX_L2_332332.R2.fastp.fastq.gz,1gpu
watde0713_L4,/jic/archive/projects/watseq/ECS/pr-raw-watseq/Wat648-732/data/WATDE0713_9D14985RP3F344344PA_AHLW73DSXX_L4_344344.R1.fastp.fastq.gz,/jic/archive/projects/watseq/ECS/pr-raw-watseq/Wat648-732/data/WATDE0713_9D14985RP3F344344PA_AHLW73DSXX_L4_344344.R2.fastp.fastq.gz,1gpu
watde0713_L4,/jic/archive/projects/watseq/ECS/pr-raw-watseq/Wat648-732/data/WATDE0713_9D14985RP3F344344PA_AHLWWJDSXX_L4_344344.R1.fastp.fastq.gz,/jic/archive/projects/watseq/ECS/pr-raw-watseq/Wat648-732/data/WATDE0713_9D14985RP3F344344PA_AHLWWJDSXX_L4_344344.R2.fastp.fastq.gz,1gpu
watde0713_L1,/jic/archive/projects/watseq/ECS/pr-raw-watseq/Wat648-732/data/WATDE0713_9D14985RP3F344344PA_BHLWYYDSXX_L1_344344.R1.fastp.fastq.gz,/jic/archive/projects/watseq/ECS/pr-raw-watseq/Wat648-732/data/WATDE0713_9D14985RP3F344344PA_BHLWYYDSXX_L1_344344.R2.fastp.fastq.gz,1gpu
watde0713_L4,/jic/archive/projects/watseq/ECS/pr-raw-watseq/Wat648-732/data/WATDE0713_9D14985RP3F344344PA_BHLY7KDSXX_L4_344344.R1.fastp.fastq.gz,/jic/archive/projects/watseq/ECS/pr-raw-watseq/Wat648-732/data/WATDE0713_9D14985RP3F344344PA_BHLY7KDSXX_L4_344344.R2.fastp.fastq.gz,1gpu
watde0713_L2,/jic/archive/projects/watseq/ECS/pr-raw-watseq/Wat648-732/data/WATDE0713_9D14985RP3F344344PB_BHLWYYDSXX_L2_344344.R1.fastp.fastq.gz,/jic/archive/projects/watseq/ECS/pr-raw-watseq/Wat648-732/data/WATDE0713_9D14985RP3F344344PB_BHLWYYDSXX_L2_344344.R2.fastp.fastq.gz,1gpu
watde0012_L1,/jic/archive/projects/watseq/ECS/pr-raw-watseq/Wat001-047_B1190023-B1190806/data/WATDE0012_9D14711RP3F374374PA_AHJTYKDSXX_L1_374374.R1.fastp.fastq.gz,/jic/archive/projects/watseq/ECS/pr-raw-watseq/Wat001-047_B1190023-B1190806/data/WATDE0012_9D14711RP3F374374PA_AHJTYKDSXX_L1_374374.R2.fastp.fastq.gz,1gpu
watde0012_L2,/jic/archive/projects/watseq/ECS/pr-raw-watseq/Wat001-047_B1190023-B1190806/data/WATDE0012_9D14711RP3F374374PB_BHJVVWDSXX_L2_374374.R1.fastp.fastq.gz,/jic/archive/projects/watseq/ECS/pr-raw-watseq/Wat001-047_B1190023-B1190806/data/WATDE0012_9D14711RP3F374374PB_BHJVVWDSXX_L2_374374.R2.fastp.fastq.gz,1gpu
watde0346_L4,/jic/archive/projects/watseq/ECS/pr-raw-watseq/Wat287-379/data/WATDE0346_9D14784RP3F350350PA_BHJ7GHDSXX_L4_350350.R1.fastp.fastq.gz,/jic/archive/projects/watseq/ECS/pr-raw-watseq/Wat287-379/data/WATDE0346_9D14784RP3F350350PA_BHJ7GHDSXX_L4_350350.R2.fastp.fastq.gz,1gpu
watde0346_L2,/jic/archive/projects/watseq/ECS/pr-raw-watseq/Wat287-379/data/WATDE0346_9D14784RP3F350350PB_BHJ7GHDSXX_L2_350350.R1.fastp.fastq.gz,/jic/archive/projects/watseq/ECS/pr-raw-watseq/Wat287-379/data/WATDE0346_9D14784RP3F350350PB_BHJ7GHDSXX_L2_350350.R2.fastp.fastq.gz,1gpu
watde0346_L4,/jic/archive/projects/watseq/ECS/pr-raw-watseq/Wat287-379/data/WATDE0346_9D14784RP3F350350PB_BHLWWCDSXX_L4_350350.R1.fastp.fastq.gz,/jic/archive/projects/watseq/ECS/pr-raw-watseq/Wat287-379/data/WATDE0346_9D14784RP3F350350PB_BHLWWCDSXX_L4_350350.R2.fastp.fastq.gz,1gpu
watde0347_L4,/jic/archive/projects/watseq/ECS/pr-raw-watseq/Wat287-379/data/WATDE0347_9D14785RP3F351351PA_BHJ7GHDSXX_L4_351351.R1.fastp.fastq.gz,/jic/archive/projects/watseq/ECS/pr-raw-watseq/Wat287-379/data/WATDE0347_9D14785RP3F351351PA_BHJ7GHDSXX_L4_351351.R2.fastp.fastq.gz,1gpu
watde0347_L2,/jic/archive/projects/watseq/ECS/pr-raw-watseq/Wat287-379/data/WATDE0347_9D14785RP3F351351PB_BHJ7GHDSXX_L2_351351.R1.fastp.fastq.gz,/jic/archive/projects/watseq/ECS/pr-raw-watseq/Wat287-379/data/WATDE0347_9D14785RP3F351351PB_BHJ7GHDSXX_L2_351351.R2.fastp.fastq.gz,1gpu
watde0941_L2,/jic/archive/projects/watseq/ECS/pr-raw-watseq/Wat937-969/data/WATDE0941_9D15105RP3F342342PA_AHLYFWDSXX_L2_342342.R1.fastp.fastq.gz,/jic/archive/projects/watseq/ECS/pr-raw-watseq/Wat937-969/data/WATDE0941_9D15105RP3F342342PA_AHLYFWDSXX_L2_342342.R2.fastp.fastq.gz,1gpu
watde0941_L4,/jic/archive/projects/watseq/ECS/pr-raw-watseq/Wat937-969/data/WATDE0941_9D15105RP3F342342PB_BHJTYWDSXX_L4_342342.R1.fastp.fastq.gz,/jic/archive/projects/watseq/ECS/pr-raw-watseq/Wat937-969/data/WATDE0941_9D15105RP3F342342PB_BHJTYWDSXX_L4_342342.R2.fastp.fastq.gz,1gpu
watde0941_L4,/jic/archive/projects/watseq/ECS/pr-raw-watseq/Wat937-969/data/WATDE0941_9D15105RP3F342342PB_BHLWWLDSXX_L4_342342.R1.fastp.fastq.gz,/jic/archive/projects/watseq/ECS/pr-raw-watseq/Wat937-969/data/WATDE0941_9D15105RP3F342342PB_BHLWWLDSXX_L4_342342.R2.fastp.fastq.gz,1gpu
watde0225_L2,/jic/archive/projects/watseq/ECS/pr-raw-watseq/Wat204-286/data/WATDE0225_9D14710RP3F373373PA_BHJVVWDSXX_L2_373373.R1.fastp.fastq.gz,/jic/archive/projects/watseq/ECS/pr-raw-watseq/Wat204-286/data/WATDE0225_9D14710RP3F373373PA_BHJVVWDSXX_L2_373373.R2.fastp.fastq.gz,1gpu
watde0225_L4,/jic/archive/projects/watseq/ECS/pr-raw-watseq/Wat204-286/data/WATDE0225_9D14710RP3F373373PA_BHLWWCDSXX_L4_373373.R1.fastp.fastq.gz,/jic/archive/projects/watseq/ECS/pr-raw-watseq/Wat204-286/data/WATDE0225_9D14710RP3F373373PA_BHLWWCDSXX_L4_373373.R2.fastp.fastq.gz,1gpu
watde0225_L3,/jic/archive/projects/watseq/ECS/pr-raw-watseq/Wat204-286/data/WATDE0225_9D14710RP3F373373PB_BHJVVWDSXX_L3_373373.R1.fastp.fastq.gz,/jic/archive/projects/watseq/ECS/pr-raw-watseq/Wat204-286/data/WATDE0225_9D14710RP3F373373PB_BHJVVWDSXX_L3_373373.R2.fastp.fastq.gz,1gpu
watde0487_L4,/jic/archive/projects/watseq/ECS/pr-raw-watseq/Wat463-558/data/WATDE0487_9D14862RP3F319319PA_AHLY7HDSXX_L4_319319.R1.fastp.fastq.gz,/jic/archive/projects/watseq/ECS/pr-raw-watseq/Wat463-558/data/WATDE0487_9D14862RP3F319319PA_AHLY7HDSXX_L4_319319.R2.fastp.fastq.gz,1gpu
watde0487_L2,/jic/archive/projects/watseq/ECS/pr-raw-watseq/Wat463-558/data/WATDE0487_9D14862RP3F319319PB_BHLWYFDSXX_L2_319319.R1.fastp.fastq.gz,/jic/archive/projects/watseq/ECS/pr-raw-watseq/Wat463-558/data/WATDE0487_9D14862RP3F319319PB_BHLWYFDSXX_L2_319319.R2.fastp.fastq.gz,1gpu
watde0494_L4,/jic/archive/projects/watseq/ECS/pr-raw-watseq/Wat463-558/data/WATDE0494_9D14869RP3F325325PA_BHLWYFDSXX_L4_325325.R1.fastp.fastq.gz,/jic/archive/projects/watseq/ECS/pr-raw-watseq/Wat463-558/data/WATDE0494_9D14869RP3F325325PA_BHLWYFDSXX_L4_325325.R2.fastp.fastq.gz,1gpu
watde0494_L3,/jic/archive/projects/watseq/ECS/pr-raw-watseq/Wat463-558/data/WATDE0494_9D14869RP3F325325PB_BHLWYFDSXX_L3_325325.R1.fastp.fastq.gz,/jic/archive/projects/watseq/ECS/pr-raw-watseq/Wat463-558/data/WATDE0494_9D14869RP3F325325PB_BHLWYFDSXX_L3_325325.R2.fastp.fastq.gz,1gpu
watde0496_L4,/jic/archive/projects/watseq/ECS/pr-raw-watseq/Wat463-558/data/WATDE0496_9D14870RP3F394394PA_BHJYF7DSXX_L4_394394.R1.fastp.fastq.gz,/jic/archive/projects/watseq/ECS/pr-raw-watseq/Wat463-558/data/WATDE0496_9D14870RP3F394394PA_BHJYF7DSXX_L4_394394.R2.fastp.fastq.gz,1gpu
watde0496_L4,/jic/archive/projects/watseq/ECS/pr-raw-watseq/Wat463-558/data/WATDE0496_9D14870RP3F394394PA_BHLYF3DSXX_L4_394394.R1.fastp.fastq.gz,/jic/archive/projects/watseq/ECS/pr-raw-watseq/Wat463-558/data/WATDE0496_9D14870RP3F394394PA_BHLYF3DSXX_L4_394394.R2.fastp.fastq.gz,1gpu
watde0496_L4,/jic/archive/projects/watseq/ECS/pr-raw-watseq/Wat463-558/data/WATDE0496_9D14870RP3F395395PB_AHLW73DSXX_L4_395395.R1.fastp.fastq.gz,/jic/archive/projects/watseq/ECS/pr-raw-watseq/Wat463-558/data/WATDE0496_9D14870RP3F395395PB_AHLW73DSXX_L4_395395.R2.fastp.fastq.gz,1gpu
watde0496_L4,/jic/archive/projects/watseq/ECS/pr-raw-watseq/Wat463-558/data/WATDE0496_9D14870RP3F395395PB_AHLWWJDSXX_L4_395395.R1.fastp.fastq.gz,/jic/archive/projects/watseq/ECS/pr-raw-watseq/Wat463-558/data/WATDE0496_9D14870RP3F395395PB_AHLWWJDSXX_L4_395395.R2.fastp.fastq.gz,1gpu
watde0496_L4,/jic/archive/projects/watseq/ECS/pr-raw-watseq/Wat463-558/data/WATDE0496_9D14870RP3F395395PB_BHJYF7DSXX_L4_395395.R1.fastp.fastq.gz,/jic/archive/projects/watseq/ECS/pr-raw-watseq/Wat463-558/data/WATDE0496_9D14870RP3F395395PB_BHJYF7DSXX_L4_395395.R2.fastp.fastq.gz,1gpu
watde0496_L3,/jic/archive/projects/watseq/ECS/pr-raw-watseq/Wat463-558/data/WATDE0496_9D14870RP3F395395PB_BHLY7KDSXX_L3_395395.R1.fastp.fastq.gz,/jic/archive/projects/watseq/ECS/pr-raw-watseq/Wat463-558/data/WATDE0496_9D14870RP3F395395PB_BHLY7KDSXX_L3_395395.R2.fastp.fastq.gz,1gpu
watde0600_L1,/jic/archive/projects/watseq/ECS/pr-raw-watseq/Wat560-648/data/WATDE0600_9D14924RP3F383383PA_AHJTVFDSXX_L1_383383.R1.fastp.fastq.gz,/jic/archive/projects/watseq/ECS/pr-raw-watseq/Wat560-648/data/WATDE0600_9D14924RP3F383383PA_AHJTVFDSXX_L1_383383.R2.fastp.fastq.gz,1gpu
watde0600_L4,/jic/archive/projects/watseq/ECS/pr-raw-watseq/Wat560-648/data/WATDE0600_9D14924RP3F383383PA_BHLWWCDSXX_L4_383383.R1.fastp.fastq.gz,/jic/archive/projects/watseq/ECS/pr-raw-watseq/Wat560-648/data/WATDE0600_9D14924RP3F383383PA_BHLWWCDSXX_L4_383383.R2.fastp.fastq.gz,1gpu
watde0600_L3,/jic/archive/projects/watseq/ECS/pr-raw-watseq/Wat560-648/data/WATDE0600_9D14924RP3F383383PB_AHJWHNDSXX_L3_383383.R1.fastp.fastq.gz,/jic/archive/projects/watseq/ECS/pr-raw-watseq/Wat560-648/data/WATDE0600_9D14924RP3F383383PB_AHJWHNDSXX_L3_383383.R2.fastp.fastq.gz,1gpu
watde0484_L4,/jic/archive/projects/watseq/ECS/pr-raw-watseq/Wat463-558/data/WATDE0484_9D14861RP3F318318PA_BHLWYFDSXX_L4_318318.R1.fastp.fastq.gz,/jic/archive/projects/watseq/ECS/pr-raw-watseq/Wat463-558/data/WATDE0484_9D14861RP3F318318PA_BHLWYFDSXX_L4_318318.R2.fastp.fastq.gz,1gpu
watde0484_L2,/jic/archive/projects/watseq/ECS/pr-raw-watseq/Wat463-558/data/WATDE0484_9D14861RP3F318318PB_BHLWYFDSXX_L2_318318.R1.fastp.fastq.gz,/jic/archive/projects/watseq/ECS/pr-raw-watseq/Wat463-558/data/WATDE0484_9D14861RP3F318318PB_BHLWYFDSXX_L2_318318.R2.fastp.fastq.gz,1gpu
watde0687_L3,/jic/archive/projects/watseq/ECS/pr-raw-watseq/Wat648-732/data/WATDE0687_9D14971RP3F329329PA_AHLY2YDSXX_L3_329329.R1.fastp.fastq.gz,/jic/archive/projects/watseq/ECS/pr-raw-watseq/Wat648-732/data/WATDE0687_9D14971RP3F329329PA_AHLY2YDSXX_L3_329329.R2.fastp.fastq.gz,1gpu
watde0687_L4,/jic/archive/projects/watseq/ECS/pr-raw-watseq/Wat648-732/data/WATDE0687_9D14971RP3F329329PB_AHLY2YDSXX_L4_329329.R1.fastp.fastq.gz,/jic/archive/projects/watseq/ECS/pr-raw-watseq/Wat648-732/data/WATDE0687_9D14971RP3F329329PB_AHLY2YDSXX_L4_329329.R2.fastp.fastq.gz,1gpu
watde0355_L4,/jic/archive/projects/watseq/ECS/pr-raw-watseq/Wat287-379/data/WATDE0355_9D14791RP3F359359PA_BHJ7GHDSXX_L4_359359.R1.fastp.fastq.gz,/jic/archive/projects/watseq/ECS/pr-raw-watseq/Wat287-379/data/WATDE0355_9D14791RP3F359359PA_BHJ7GHDSXX_L4_359359.R2.fastp.fastq.gz,1gpu
watde0355_L1,/jic/archive/projects/watseq/ECS/pr-raw-watseq/Wat287-379/data/WATDE0355_9D14791RP3F359359PB_AHK2KKDSXX_L1_359359.R1.fastp.fastq.gz,/jic/archive/projects/watseq/ECS/pr-raw-watseq/Wat287-379/data/WATDE0355_9D14791RP3F359359PB_AHK2KKDSXX_L1_359359.R2.fastp.fastq.gz,1gpu
watde0586_L1,/jic/archive/projects/watseq/ECS/pr-raw-watseq/Wat560-648/data/WATDE0586_9D14918RP3F376376PA_BHJWCTDSXX_L1_376376.R1.fastp.fastq.gz,/jic/archive/projects/watseq/ECS/pr-raw-watseq/Wat560-648/data/WATDE0586_9D14918RP3F376376PA_BHJWCTDSXX_L1_376376.R2.fastp.fastq.gz,1gpu
watde0586_L2,/jic/archive/projects/watseq/ECS/pr-raw-watseq/Wat560-648/data/WATDE0586_9D14918RP3F376376PB_BHJWCTDSXX_L2_376376.R1.fastp.fastq.gz,/jic/archive/projects/watseq/ECS/pr-raw-watseq/Wat560-648/data/WATDE0586_9D14918RP3F376376PB_BHJWCTDSXX_L2_376376.R2.fastp.fastq.gz,1gpu
watde0638_L2,/jic/archive/projects/watseq/ECS/pr-raw-watseq/Wat560-648/data/WATDE0638_9D14944RP3F355355PA_AHJWHNDSXX_L2_355355.R1.fastp.fastq.gz,/jic/archive/projects/watseq/ECS/pr-raw-watseq/Wat560-648/data/WATDE0638_9D14944RP3F355355PA_AHJWHNDSXX_L2_355355.R2.fastp.fastq.gz,1gpu
watde0638_L4,/jic/archive/projects/watseq/ECS/pr-raw-watseq/Wat560-648/data/WATDE0638_9D14944RP3F355355PB_AHJWHNDSXX_L4_355355.R1.fastp.fastq.gz,/jic/archive/projects/watseq/ECS/pr-raw-watseq/Wat560-648/data/WATDE0638_9D14944RP3F355355PB_AHJWHNDSXX_L4_355355.R2.fastp.fastq.gz,1gpu
watde0650_L1,/jic/archive/projects/watseq/ECS/pr-raw-watseq/Wat648-732/data/WATDE0650_9D14950RP3F301301PA_BHLWNJDSXX_L1_301301.R1.fastp.fastq.gz,/jic/archive/projects/watseq/ECS/pr-raw-watseq/Wat648-732/data/WATDE0650_9D14950RP3F301301PA_BHLWNJDSXX_L1_301301.R2.fastp.fastq.gz,1gpu
watde0650_L2,/jic/archive/projects/watseq/ECS/pr-raw-watseq/Wat648-732/data/WATDE0650_9D14950RP3F301301PB_BHLWNJDSXX_L2_301301.R1.fastp.fastq.gz,/jic/archive/projects/watseq/ECS/pr-raw-watseq/Wat648-732/data/WATDE0650_9D14950RP3F301301PB_BHLWNJDSXX_L2_301301.R2.fastp.fastq.gz,1gpu
watde0660_L1,/jic/archive/projects/watseq/ECS/pr-raw-watseq/Wat648-732/data/WATDE0660_9D14955RP3F308308PA_BHLWNJDSXX_L1_308308.R1.fastp.fastq.gz,/jic/archive/projects/watseq/ECS/pr-raw-watseq/Wat648-732/data/WATDE0660_9D14955RP3F308308PA_BHLWNJDSXX_L1_308308.R2.fastp.fastq.gz,1gpu
watde0660_L2,/jic/archive/projects/watseq/ECS/pr-raw-watseq/Wat648-732/data/WATDE0660_9D14955RP3F308308PB_BHLWNJDSXX_L2_308308.R1.fastp.fastq.gz,/jic/archive/projects/watseq/ECS/pr-raw-watseq/Wat648-732/data/WATDE0660_9D14955RP3F308308PB_BHLWNJDSXX_L2_308308.R2.fastp.fastq.gz,1gpu
watde0879_L4,/jic/archive/projects/watseq/ECS/pr-raw-watseq/Wat797-879/data/WATDE0879_9D15069RP3F390390PA_AHLW73DSXX_L4_390390.R1.fastp.fastq.gz,/jic/archive/projects/watseq/ECS/pr-raw-watseq/Wat797-879/data/WATDE0879_9D15069RP3F390390PA_AHLW73DSXX_L4_390390.R2.fastp.fastq.gz,1gpu
watde0879_L4,/jic/archive/projects/watseq/ECS/pr-raw-watseq/Wat797-879/data/WATDE0879_9D15069RP3F390390PA_AHLWWJDSXX_L4_390390.R1.fastp.fastq.gz,/jic/archive/projects/watseq/ECS/pr-raw-watseq/Wat797-879/data/WATDE0879_9D15069RP3F390390PA_AHLWWJDSXX_L4_390390.R2.fastp.fastq.gz,1gpu
watde0879_L1,/jic/archive/projects/watseq/ECS/pr-raw-watseq/Wat797-879/data/WATDE0879_9D15069RP3F390390PA_BHLWY5DSXX_L1_390390.R1.fastp.fastq.gz,/jic/archive/projects/watseq/ECS/pr-raw-watseq/Wat797-879/data/WATDE0879_9D15069RP3F390390PA_BHLWY5DSXX_L1_390390.R2.fastp.fastq.gz,1gpu
watde0879_L3,/jic/archive/projects/watseq/ECS/pr-raw-watseq/Wat797-879/data/WATDE0879_9D15069RP3F390390PA_BHLY7KDSXX_L3_390390.R1.fastp.fastq.gz,/jic/archive/projects/watseq/ECS/pr-raw-watseq/Wat797-879/data/WATDE0879_9D15069RP3F390390PA_BHLY7KDSXX_L3_390390.R2.fastp.fastq.gz,1gpu
watde0879_L3,/jic/archive/projects/watseq/ECS/pr-raw-watseq/Wat797-879/data/WATDE0879_9D15069RP3F390390PB_BHLYJFDSXX_L3_390390.R1.fastp.fastq.gz,/jic/archive/projects/watseq/ECS/pr-raw-watseq/Wat797-879/data/WATDE0879_9D15069RP3F390390PB_BHLYJFDSXX_L3_390390.R2.fastp.fastq.gz,1gpu
watde0880_L4,/jic/archive/projects/watseq/ECS/pr-raw-watseq/Wat937-969/data/WATDE0880_9D15070RP3F301301PA_BHJTWTDSXX_L4_301301.R1.fastp.fastq.gz,/jic/archive/projects/watseq/ECS/pr-raw-watseq/Wat937-969/data/WATDE0880_9D15070RP3F301301PA_BHJTWTDSXX_L4_301301.R2.fastp.fastq.gz,1gpu
watde0880_L1,/jic/archive/projects/watseq/ECS/pr-raw-watseq/Wat880-953/data/WATDE0880_9D15070RP3F301301PB_BHLWY5DSXX_L1_301301.R1.fastp.fastq.gz,/jic/archive/projects/watseq/ECS/pr-raw-watseq/Wat880-953/data/WATDE0880_9D15070RP3F301301PB_BHLWY5DSXX_L1_301301.R2.fastp.fastq.gz,1gpu
watde0881_L1,/jic/archive/projects/watseq/ECS/pr-raw-watseq/Wat880-953/data/WATDE0881_9D15071RP3F304304PA_AHLYFCDSXX_L1_304304.R1.fastp.fastq.gz,/jic/archive/projects/watseq/ECS/pr-raw-watseq/Wat880-953/data/WATDE0881_9D15071RP3F304304PA_AHLYFCDSXX_L1_304304.R2.fastp.fastq.gz,1gpu
watde0881_L1,/jic/archive/projects/watseq/ECS/pr-raw-watseq/Wat880-953/data/WATDE0881_9D15071RP3F304304PB_AHLYFWDSXX_L1_304304.R1.fastp.fastq.gz,/jic/archive/projects/watseq/ECS/pr-raw-watseq/Wat880-953/data/WATDE0881_9D15071RP3F304304PB_AHLYFWDSXX_L1_304304.R2.fastp.fastq.gz,1gpu
watde0848_L2,/jic/archive/projects/watseq/ECS/pr-raw-watseq/Wat797-879/data/WATDE0848_9D15052RP3F313313PA_AHLWFHDSXX_L2_313313.R1.fastp.fastq.gz,/jic/archive/projects/watseq/ECS/pr-raw-watseq/Wat797-879/data/WATDE0848_9D15052RP3F313313PA_AHLWFHDSXX_L2_313313.R2.fastp.fastq.gz,1gpu
watde0848_L1,/jic/archive/projects/watseq/ECS/pr-raw-watseq/Wat797-879/data/WATDE0848_9D15052RP3F313313PA_BHJV3MDSXX_L1_313313.R1.fastp.fastq.gz,/jic/archive/projects/watseq/ECS/pr-raw-watseq/Wat797-879/data/WATDE0848_9D15052RP3F313313PA_BHJV3MDSXX_L1_313313.R2.fastp.fastq.gz,1gpu
watde0848_L2,/jic/archive/projects/watseq/ECS/pr-raw-watseq/Wat797-879/data/WATDE0848_9D15052RP3F313313PB_BHJTYWDSXX_L2_313313.R1.fastp.fastq.gz,/jic/archive/projects/watseq/ECS/pr-raw-watseq/Wat797-879/data/WATDE0848_9D15052RP3F313313PB_BHJTYWDSXX_L2_313313.R2.fastp.fastq.gz,1gpu
watde0848_L2,/jic/archive/projects/watseq/ECS/pr-raw-watseq/Wat797-879/data/WATDE0848_9D15052RP3F313313PB_BHLWWLDSXX_L2_313313.R1.fastp.fastq.gz,/jic/archive/projects/watseq/ECS/pr-raw-watseq/Wat797-879/data/WATDE0848_9D15052RP3F313313PB_BHLWWLDSXX_L2_313313.R2.fastp.fastq.gz,1gpu
watde0281_L2,/jic/archive/projects/watseq/ECS/pr-raw-watseq/Wat204-286/data/WATDE0281_9D14744RP3F308308PA_BHJWTLDSXX_L2_308308.R1.fastp.fastq.gz,/jic/archive/projects/watseq/ECS/pr-raw-watseq/Wat204-286/data/WATDE0281_9D14744RP3F308308PA_BHJWTLDSXX_L2_308308.R2.fastp.fastq.gz,1gpu
watde0281_L3,/jic/archive/projects/watseq/ECS/pr-raw-watseq/Wat204-286/data/WATDE0281_9D14744RP3F308308PB_BHJWTLDSXX_L3_308308.R1.fastp.fastq.gz,/jic/archive/projects/watseq/ECS/pr-raw-watseq/Wat204-286/data/WATDE0281_9D14744RP3F308308PB_BHJWTLDSXX_L3_308308.R2.fastp.fastq.gz,1gpu
watde0448_L4,/jic/archive/projects/watseq/ECS/pr-raw-watseq/Wat379-463/data/WATDE0448_9D14845RP3F323323PA_BHMGT3DSXX_L4_323323.R1.fastp.fastq.gz,/jic/archive/projects/watseq/ECS/pr-raw-watseq/Wat379-463/data/WATDE0448_9D14845RP3F323323PA_BHMGT3DSXX_L4_323323.R2.fastp.fastq.gz,1gpu
watde0448_L2,/jic/archive/projects/watseq/ECS/pr-raw-watseq/Wat379-463/data/WATDE0448_9D14845RP3F323323PB_BHLWWCDSXX_L2_323323.R1.fastp.fastq.gz,/jic/archive/projects/watseq/ECS/pr-raw-watseq/Wat379-463/data/WATDE0448_9D14845RP3F323323PB_BHLWWCDSXX_L2_323323.R2.fastp.fastq.gz,1gpu
watde0448_L1,/jic/archive/projects/watseq/ECS/pr-raw-watseq/Wat379-463/data/WATDE0448_9D14845RP3F323323PB_BHMGT3DSXX_L1_323323.R1.fastp.fastq.gz,/jic/archive/projects/watseq/ECS/pr-raw-watseq/Wat379-463/data/WATDE0448_9D14845RP3F323323PB_BHMGT3DSXX_L1_323323.R2.fastp.fastq.gz,1gpu
watde0413_L2,/jic/archive/projects/watseq/ECS/pr-raw-watseq/Wat379-463/data/WATDE0413_9D14821RP3F301301PA_BHMGT3DSXX_L2_301301.R1.fastp.fastq.gz,/jic/archive/projects/watseq/ECS/pr-raw-watseq/Wat379-463/data/WATDE0413_9D14821RP3F301301PA_BHMGT3DSXX_L2_301301.R2.fastp.fastq.gz,1gpu
watde0413_L2,/jic/archive/projects/watseq/ECS/pr-raw-watseq/Wat379-463/data/WATDE0413_9D14821RP3F301301PB_BHLWWCDSXX_L2_301301.R1.fastp.fastq.gz,/jic/archive/projects/watseq/ECS/pr-raw-watseq/Wat379-463/data/WATDE0413_9D14821RP3F301301PB_BHLWWCDSXX_L2_301301.R2.fastp.fastq.gz,1gpu
watde0413_L3,/jic/archive/projects/watseq/ECS/pr-raw-watseq/Wat379-463/data/WATDE0413_9D14821RP3F301301PB_BHMGT3DSXX_L3_301301.R1.fastp.fastq.gz,/jic/archive/projects/watseq/ECS/pr-raw-watseq/Wat379-463/data/WATDE0413_9D14821RP3F301301PB_BHMGT3DSXX_L3_301301.R2.fastp.fastq.gz,1gpu
watde0436_L2,/jic/archive/projects/watseq/ECS/pr-raw-watseq/Wat379-463/data/WATDE0436_9D14836RP3F314314PA_BHMGT3DSXX_L2_314314.R1.fastp.fastq.gz,/jic/archive/projects/watseq/ECS/pr-raw-watseq/Wat379-463/data/WATDE0436_9D14836RP3F314314PA_BHMGT3DSXX_L2_314314.R2.fastp.fastq.gz,1gpu
watde0436_L3,/jic/archive/projects/watseq/ECS/pr-raw-watseq/Wat379-463/data/WATDE0436_9D14836RP3F314314PB_BHMGT3DSXX_L3_314314.R1.fastp.fastq.gz,/jic/archive/projects/watseq/ECS/pr-raw-watseq/Wat379-463/data/WATDE0436_9D14836RP3F314314PB_BHMGT3DSXX_L3_314314.R2.fastp.fastq.gz,1gpu
watde0547_L1,/jic/archive/projects/watseq/ECS/pr-raw-watseq/Wat463-558/data/WATDE0547_9D14901RP3F358358PA_BHLWNJDSXX_L1_358358.R1.fastp.fastq.gz,/jic/archive/projects/watseq/ECS/pr-raw-watseq/Wat463-558/data/WATDE0547_9D14901RP3F358358PA_BHLWNJDSXX_L1_358358.R2.fastp.fastq.gz,1gpu
watde0547_L2,/jic/archive/projects/watseq/ECS/pr-raw-watseq/Wat463-558/data/WATDE0547_9D14901RP3F358358PB_BHLWNJDSXX_L2_358358.R1.fastp.fastq.gz,/jic/archive/projects/watseq/ECS/pr-raw-watseq/Wat463-558/data/WATDE0547_9D14901RP3F358358PB_BHLWNJDSXX_L2_358358.R2.fastp.fastq.gz,1gpu
watde0981_L2,/jic/archive/projects/watseq/ECS/pr-raw-watseq/Wat970-1062/data/WATDE0981_9D15128RP3F368368PA_BHJTWTDSXX_L2_368368.R1.fastp.fastq.gz,/jic/archive/projects/watseq/ECS/pr-raw-watseq/Wat970-1062/data/WATDE0981_9D15128RP3F368368PA_BHJTWTDSXX_L2_368368.R2.fastp.fastq.gz,1gpu
watde0981_L4,/jic/archive/projects/watseq/ECS/pr-raw-watseq/Wat970-1062/data/WATDE0981_9D15128RP3F368368PB_BHLWY5DSXX_L4_368368.R1.fastp.fastq.gz,/jic/archive/projects/watseq/ECS/pr-raw-watseq/Wat970-1062/data/WATDE0981_9D15128RP3F368368PB_BHLWY5DSXX_L4_368368.R2.fastp.fastq.gz,1gpu
watde0465_L4,/jic/archive/projects/watseq/ECS/pr-raw-watseq/Wat463-558/data/WATDE0465_9D14853RP3F382382PC_AHLY7HDSXX_L4_382382.R1.fastp.fastq.gz,/jic/archive/projects/watseq/ECS/pr-raw-watseq/Wat463-558/data/WATDE0465_9D14853RP3F382382PC_AHLY7HDSXX_L4_382382.R2.fastp.fastq.gz,1gpu
watde0465_L4,/jic/archive/projects/watseq/ECS/pr-raw-watseq/Wat463-558/data/WATDE0465_9D14853RP3F383383PD_AHLY7HDSXX_L4_383383.R1.fastp.fastq.gz,/jic/archive/projects/watseq/ECS/pr-raw-watseq/Wat463-558/data/WATDE0465_9D14853RP3F383383PD_AHLY7HDSXX_L4_383383.R2.fastp.fastq.gz,1gpu
watde0165_L1,/jic/archive/projects/watseq/ECS/pr-raw-watseq/Wat114-203/data/WATDE0165_9D14671RP3F329329PA_BHJVVMDSXX_L1_329329.R1.fastp.fastq.gz,/jic/archive/projects/watseq/ECS/pr-raw-watseq/Wat114-203/data/WATDE0165_9D14671RP3F329329PA_BHJVVMDSXX_L1_329329.R2.fastp.fastq.gz,1gpu
watde0165_L2,/jic/archive/projects/watseq/ECS/pr-raw-watseq/Wat114-203/data/WATDE0165_9D14671RP3F329329PB_BHJVVMDSXX_L2_329329.R1.fastp.fastq.gz,/jic/archive/projects/watseq/ECS/pr-raw-watseq/Wat114-203/data/WATDE0165_9D14671RP3F329329PB_BHJVVMDSXX_L2_329329.R2.fastp.fastq.gz,1gpu
watde0299_L4,/jic/archive/projects/watseq/ECS/pr-raw-watseq/Wat287-379/data/WATDE0299_9D14755RP3F322322PA_AHK2KKDSXX_L4_322322.R1.fastp.fastq.gz,/jic/archive/projects/watseq/ECS/pr-raw-watseq/Wat287-379/data/WATDE0299_9D14755RP3F322322PA_AHK2KKDSXX_L4_322322.R2.fastp.fastq.gz,1gpu
watde0299_L3,/jic/archive/projects/watseq/ECS/pr-raw-watseq/Wat287-379/data/WATDE0299_9D14755RP3F322322PB_BHJWTLDSXX_L3_322322.R1.fastp.fastq.gz,/jic/archive/projects/watseq/ECS/pr-raw-watseq/Wat287-379/data/WATDE0299_9D14755RP3F322322PB_BHJWTLDSXX_L3_322322.R2.fastp.fastq.gz,1gpu
watde0894_L4,/jic/archive/projects/watseq/ECS/pr-raw-watseq/Wat880-953/data/WATDE0894_9D15076RP3F308308PA_BHLWY5DSXX_L4_308308.R1.fastp.fastq.gz,/jic/archive/projects/watseq/ECS/pr-raw-watseq/Wat880-953/data/WATDE0894_9D15076RP3F308308PA_BHLWY5DSXX_L4_308308.R2.fastp.fastq.gz,1gpu
watde0894_L3,/jic/archive/projects/watseq/ECS/pr-raw-watseq/Wat880-953/data/WATDE0894_9D15076RP3F308308PB_AHJWH7DSXX_L3_308308.R1.fastp.fastq.gz,/jic/archive/projects/watseq/ECS/pr-raw-watseq/Wat880-953/data/WATDE0894_9D15076RP3F308308PB_AHJWH7DSXX_L3_308308.R2.fastp.fastq.gz,1gpu
watde0254_L2,/jic/archive/projects/watseq/ECS/pr-raw-watseq/Wat204-286/data/WATDE0254_9D14730RP3F394394PA_AHJTYKDSXX_L2_394394.R1.fastp.fastq.gz,/jic/archive/projects/watseq/ECS/pr-raw-watseq/Wat204-286/data/WATDE0254_9D14730RP3F394394PA_AHJTYKDSXX_L2_394394.R2.fastp.fastq.gz,1gpu
watde0254_L3,/jic/archive/projects/watseq/ECS/pr-raw-watseq/Wat204-286/data/WATDE0254_9D14730RP3F394394PB_AHJTYKDSXX_L3_394394.R1.fastp.fastq.gz,/jic/archive/projects/watseq/ECS/pr-raw-watseq/Wat204-286/data/WATDE0254_9D14730RP3F394394PB_AHJTYKDSXX_L3_394394.R2.fastp.fastq.gz,1gpu
watde0254_L4,/jic/archive/projects/watseq/ECS/pr-raw-watseq/Wat204-286/data/WATDE0254_9D14730RP3F394394PB_BHLYHMDSXX_L4_394394.R1.fastp.fastq.gz,/jic/archive/projects/watseq/ECS/pr-raw-watseq/Wat204-286/data/WATDE0254_9D14730RP3F394394PB_BHLYHMDSXX_L4_394394.R2.fastp.fastq.gz,1gpu
watde0328_L3,/jic/archive/projects/watseq/ECS/pr-raw-watseq/Wat287-379/data/WATDE0328_9D14772RP3F337337PA_BHJ7GHDSXX_L3_337337.R1.fastp.fastq.gz,/jic/archive/projects/watseq/ECS/pr-raw-watseq/Wat287-379/data/WATDE0328_9D14772RP3F337337PA_BHJ7GHDSXX_L3_337337.R2.fastp.fastq.gz,1gpu
watde0328_L1,/jic/archive/projects/watseq/ECS/pr-raw-watseq/Wat287-379/data/WATDE0328_9D14772RP3F337337PB_BHJ7GHDSXX_L1_337337.R1.fastp.fastq.gz,/jic/archive/projects/watseq/ECS/pr-raw-watseq/Wat287-379/data/WATDE0328_9D14772RP3F337337PB_BHJ7GHDSXX_L1_337337.R2.fastp.fastq.gz,1gpu
watde0328_L4,/jic/archive/projects/watseq/ECS/pr-raw-watseq/Wat287-379/data/WATDE0328_9D14772RP3F337337PB_BHLWWCDSXX_L4_337337.R1.fastp.fastq.gz,/jic/archive/projects/watseq/ECS/pr-raw-watseq/Wat287-379/data/WATDE0328_9D14772RP3F337337PB_BHLWWCDSXX_L4_337337.R2.fastp.fastq.gz,1gpu
watde0084_L1,/jic/archive/projects/watseq/ECS/pr-raw-watseq/Wat048-113/data/WATDE0084_9D15060RP3F382382PA_BHLWY5DSXX_L1_382382.R1.fastp.fastq.gz,/jic/archive/projects/watseq/ECS/pr-raw-watseq/Wat048-113/data/WATDE0084_9D15060RP3F382382PA_BHLWY5DSXX_L1_382382.R2.fastp.fastq.gz,1gpu
watde0084_L4,/jic/archive/projects/watseq/ECS/pr-raw-watseq/Wat048-113/data/WATDE0084_9D15060RP3F382382PB_AHLWLVDSXX_L4_382382.R1.fastp.fastq.gz,/jic/archive/projects/watseq/ECS/pr-raw-watseq/Wat048-113/data/WATDE0084_9D15060RP3F382382PB_AHLWLVDSXX_L4_382382.R2.fastp.fastq.gz,1gpu
watde0085_L4,/jic/archive/projects/watseq/ECS/pr-raw-watseq/Wat048-113/data/WATDE0085_9D15061RP3F358358PA_AHJ7MJDSXX_L4_358358.R1.fastp.fastq.gz,/jic/archive/projects/watseq/ECS/pr-raw-watseq/Wat048-113/data/WATDE0085_9D15061RP3F358358PA_AHJ7MJDSXX_L4_358358.R2.fastp.fastq.gz,1gpu
watde0085_L3,/jic/archive/projects/watseq/ECS/pr-raw-watseq/Wat048-113/data/WATDE0085_9D15061RP3F358358PB_AHJ7MJDSXX_L3_358358.R1.fastp.fastq.gz,/jic/archive/projects/watseq/ECS/pr-raw-watseq/Wat048-113/data/WATDE0085_9D15061RP3F358358PB_AHJ7MJDSXX_L3_358358.R2.fastp.fastq.gz,1gpu
watde0229_L3,/jic/archive/projects/watseq/ECS/pr-raw-watseq/Wat204-286/data/WATDE0229_9D14713RP3F376376PA_BHJVVWDSXX_L3_376376.R1.fastp.fastq.gz,/jic/archive/projects/watseq/ECS/pr-raw-watseq/Wat204-286/data/WATDE0229_9D14713RP3F376376PA_BHJVVWDSXX_L3_376376.R2.fastp.fastq.gz,1gpu
watde0229_L2,/jic/archive/projects/watseq/ECS/pr-raw-watseq/Wat204-286/data/WATDE0229_9D14713RP3F376376PB_BHJVVWDSXX_L2_376376.R1.fastp.fastq.gz,/jic/archive/projects/watseq/ECS/pr-raw-watseq/Wat204-286/data/WATDE0229_9D14713RP3F376376PB_BHJVVWDSXX_L2_376376.R2.fastp.fastq.gz,1gpu
watde0321_L4,/jic/archive/projects/watseq/ECS/pr-raw-watseq/Wat287-379/data/WATDE0321_9D14768RP3F334334PA_BHJWTLDSXX_L4_334334.R1.fastp.fastq.gz,/jic/archive/projects/watseq/ECS/pr-raw-watseq/Wat287-379/data/WATDE0321_9D14768RP3F334334PA_BHJWTLDSXX_L4_334334.R2.fastp.fastq.gz,1gpu
watde0321_L1,/jic/archive/projects/watseq/ECS/pr-raw-watseq/Wat287-379/data/WATDE0321_9D14768RP3F334334PB_BHJWTLDSXX_L1_334334.R1.fastp.fastq.gz,/jic/archive/projects/watseq/ECS/pr-raw-watseq/Wat287-379/data/WATDE0321_9D14768RP3F334334PB_BHJWTLDSXX_L1_334334.R2.fastp.fastq.gz,1gpu
watde0618_L3,/jic/archive/projects/watseq/ECS/pr-raw-watseq/Wat560-648/data/WATDE0618_9D14933RP3F395395PA_AHJWHNDSXX_L3_395395.R1.fastp.fastq.gz,/jic/archive/projects/watseq/ECS/pr-raw-watseq/Wat560-648/data/WATDE0618_9D14933RP3F395395PA_AHJWHNDSXX_L3_395395.R2.fastp.fastq.gz,1gpu
watde0618_L1,/jic/archive/projects/watseq/ECS/pr-raw-watseq/Wat560-648/data/WATDE0618_9D14933RP3F395395PB_AHJWHNDSXX_L1_395395.R1.fastp.fastq.gz,/jic/archive/projects/watseq/ECS/pr-raw-watseq/Wat560-648/data/WATDE0618_9D14933RP3F395395PB_AHJWHNDSXX_L1_395395.R2.fastp.fastq.gz,1gpu
watde0618_L4,/jic/archive/projects/watseq/ECS/pr-raw-watseq/Wat560-648/data/WATDE0618_9D14933RP3F395395PB_BHLWWCDSXX_L4_395395.R1.fastp.fastq.gz,/jic/archive/projects/watseq/ECS/pr-raw-watseq/Wat560-648/data/WATDE0618_9D14933RP3F395395PB_BHLWWCDSXX_L4_395395.R2.fastp.fastq.gz,1gpu
watde0622_L4,/jic/archive/projects/watseq/ECS/pr-raw-watseq/Wat560-648/data/WATDE0622_9D14935RP3F303303PA_AHJWHNDSXX_L4_303303.R1.fastp.fastq.gz,/jic/archive/projects/watseq/ECS/pr-raw-watseq/Wat560-648/data/WATDE0622_9D14935RP3F303303PA_AHJWHNDSXX_L4_303303.R2.fastp.fastq.gz,1gpu
watde0622_L2,/jic/archive/projects/watseq/ECS/pr-raw-watseq/Wat560-648/data/WATDE0622_9D14935RP3F384384PC_BHLYJFDSXX_L2_384384.R1.fastp.fastq.gz,/jic/archive/projects/watseq/ECS/pr-raw-watseq/Wat560-648/data/WATDE0622_9D14935RP3F384384PC_BHLYJFDSXX_L2_384384.R2.fastp.fastq.gz,1gpu
watde0488_L3,/jic/archive/projects/watseq/ECS/pr-raw-watseq/Wat463-558/data/WATDE0488_9D14863RP3F320320PA_BHLWYFDSXX_L3_320320.R1.fastp.fastq.gz,/jic/archive/projects/watseq/ECS/pr-raw-watseq/Wat463-558/data/WATDE0488_9D14863RP3F320320PA_BHLWYFDSXX_L3_320320.R2.fastp.fastq.gz,1gpu
watde0488_L2,/jic/archive/projects/watseq/ECS/pr-raw-watseq/Wat463-558/data/WATDE0488_9D14863RP3F320320PB_BHLWYFDSXX_L2_320320.R1.fastp.fastq.gz,/jic/archive/projects/watseq/ECS/pr-raw-watseq/Wat463-558/data/WATDE0488_9D14863RP3F320320PB_BHLWYFDSXX_L2_320320.R2.fastp.fastq.gz,1gpu
watde1042_L1,/jic/archive/projects/watseq/ECS/pr-raw-watseq/Wat970-1062/data/WATDE1042_9D15159RP3F309309PA_AHJWH7DSXX_L1_309309.R1.fastp.fastq.gz,/jic/archive/projects/watseq/ECS/pr-raw-watseq/Wat970-1062/data/WATDE1042_9D15159RP3F309309PA_AHJWH7DSXX_L1_309309.R2.fastp.fastq.gz,1gpu
watde1042_L3,/jic/archive/projects/watseq/ECS/pr-raw-watseq/Wat970-1062/data/WATDE1042_9D15159RP3F309309PB_AHLYFWDSXX_L3_309309.R1.fastp.fastq.gz,/jic/archive/projects/watseq/ECS/pr-raw-watseq/Wat970-1062/data/WATDE1042_9D15159RP3F309309PB_AHLYFWDSXX_L3_309309.R2.fastp.fastq.gz,1gpu
watde1023_L4,/jic/archive/projects/watseq/ECS/pr-raw-watseq/Wat970-1062/data/WATDE1023_9D15150RP3F387387PA_AHJWH7DSXX_L4_387387.R1.fastp.fastq.gz,/jic/archive/projects/watseq/ECS/pr-raw-watseq/Wat970-1062/data/WATDE1023_9D15150RP3F387387PA_AHJWH7DSXX_L4_387387.R2.fastp.fastq.gz,1gpu
watde1023_L4,/jic/archive/projects/watseq/ECS/pr-raw-watseq/Wat970-1062/data/WATDE1023_9D15150RP3F387387PA_BHLYF3DSXX_L4_387387.R1.fastp.fastq.gz,/jic/archive/projects/watseq/ECS/pr-raw-watseq/Wat970-1062/data/WATDE1023_9D15150RP3F387387PA_BHLYF3DSXX_L4_387387.R2.fastp.fastq.gz,1gpu
watde1023_L2,/jic/archive/projects/watseq/ECS/pr-raw-watseq/Wat970-1062/data/WATDE1023_9D15150RP3F387387PB_AHLWLVDSXX_L2_387387.R1.fastp.fastq.gz,/jic/archive/projects/watseq/ECS/pr-raw-watseq/Wat970-1062/data/WATDE1023_9D15150RP3F387387PB_AHLWLVDSXX_L2_387387.R2.fastp.fastq.gz,1gpu
watde0562_L4,/jic/archive/projects/watseq/ECS/pr-raw-watseq/Wat560-648/data/WATDE0562_9D14908RP3F365365PA_BHJWCTDSXX_L4_365365.R1.fastp.fastq.gz,/jic/archive/projects/watseq/ECS/pr-raw-watseq/Wat560-648/data/WATDE0562_9D14908RP3F365365PA_BHJWCTDSXX_L4_365365.R2.fastp.fastq.gz,1gpu
watde0562_L2,/jic/archive/projects/watseq/ECS/pr-raw-watseq/Wat560-648/data/WATDE0562_9D14908RP3F365365PB_BHJWCTDSXX_L2_365365.R1.fastp.fastq.gz,/jic/archive/projects/watseq/ECS/pr-raw-watseq/Wat560-648/data/WATDE0562_9D14908RP3F365365PB_BHJWCTDSXX_L2_365365.R2.fastp.fastq.gz,1gpu
watde0961_L2,/jic/archive/projects/watseq/ECS/pr-raw-watseq/Wat937-969/data/WATDE0961_9D15116RP3F356356PA_BHLWY5DSXX_L2_356356.R1.fastp.fastq.gz,/jic/archive/projects/watseq/ECS/pr-raw-watseq/Wat937-969/data/WATDE0961_9D15116RP3F356356PA_BHLWY5DSXX_L2_356356.R2.fastp.fastq.gz,1gpu
watde0961_L4,/jic/archive/projects/watseq/ECS/pr-raw-watseq/Wat937-969/data/WATDE0961_9D15116RP3F356356PB_AHJWH7DSXX_L4_356356.R1.fastp.fastq.gz,/jic/archive/projects/watseq/ECS/pr-raw-watseq/Wat937-969/data/WATDE0961_9D15116RP3F356356PB_AHJWH7DSXX_L4_356356.R2.fastp.fastq.gz,1gpu
watde0672_L3,/jic/archive/projects/watseq/ECS/pr-raw-watseq/Wat648-732/data/WATDE0672_9D14962RP3F319319PA_BHLWNJDSXX_L3_319319.R1.fastp.fastq.gz,/jic/archive/projects/watseq/ECS/pr-raw-watseq/Wat648-732/data/WATDE0672_9D14962RP3F319319PA_BHLWNJDSXX_L3_319319.R2.fastp.fastq.gz,1gpu
watde0672_L4,/jic/archive/projects/watseq/ECS/pr-raw-watseq/Wat648-732/data/WATDE0672_9D14962RP3F319319PB_BHLWNJDSXX_L4_319319.R1.fastp.fastq.gz,/jic/archive/projects/watseq/ECS/pr-raw-watseq/Wat648-732/data/WATDE0672_9D14962RP3F319319PB_BHLWNJDSXX_L4_319319.R2.fastp.fastq.gz,1gpu
watde0674_L3,/jic/archive/projects/watseq/ECS/pr-raw-watseq/Wat648-732/data/WATDE0674_9D14963RP3F320320PA_BHLWNJDSXX_L3_320320.R1.fastp.fastq.gz,/jic/archive/projects/watseq/ECS/pr-raw-watseq/Wat648-732/data/WATDE0674_9D14963RP3F320320PA_BHLWNJDSXX_L3_320320.R2.fastp.fastq.gz,1gpu
watde0674_L4,/jic/archive/projects/watseq/ECS/pr-raw-watseq/Wat648-732/data/WATDE0674_9D14963RP3F320320PB_BHLWNJDSXX_L4_320320.R1.fastp.fastq.gz,/jic/archive/projects/watseq/ECS/pr-raw-watseq/Wat648-732/data/WATDE0674_9D14963RP3F320320PB_BHLWNJDSXX_L4_320320.R2.fastp.fastq.gz,1gpu
watde1021_L4,/jic/archive/projects/watseq/ECS/pr-raw-watseq/Wat970-1062/data/WATDE1021_9D15149RP3F386386PA_BHJTWTDSXX_L4_386386.R1.fastp.fastq.gz,/jic/archive/projects/watseq/ECS/pr-raw-watseq/Wat970-1062/data/WATDE1021_9D15149RP3F386386PA_BHJTWTDSXX_L4_386386.R2.fastp.fastq.gz,1gpu
watde1021_L1,/jic/archive/projects/watseq/ECS/pr-raw-watseq/Wat970-1062/data/WATDE1021_9D15149RP3F386386PB_BHLWYFDSXX_L1_386386.R1.fastp.fastq.gz,/jic/archive/projects/watseq/ECS/pr-raw-watseq/Wat970-1062/data/WATDE1021_9D15149RP3F386386PB_BHLWYFDSXX_L1_386386.R2.fastp.fastq.gz,1gpu
watde0389_L3,/jic/archive/projects/watseq/ECS/pr-raw-watseq/Wat379-463/data/WATDE0389_9D14809RP3F378378PA_AHJ7T7DSXX_L3_378378.R1.fastp.fastq.gz,/jic/archive/projects/watseq/ECS/pr-raw-watseq/Wat379-463/data/WATDE0389_9D14809RP3F378378PA_AHJ7T7DSXX_L3_378378.R2.fastp.fastq.gz,1gpu
watde0389_L1,/jic/archive/projects/watseq/ECS/pr-raw-watseq/Wat379-463/data/WATDE0389_9D14809RP3F378378PA_AHLW73DSXX_L1_378378.R1.fastp.fastq.gz,/jic/archive/projects/watseq/ECS/pr-raw-watseq/Wat379-463/data/WATDE0389_9D14809RP3F378378PA_AHLW73DSXX_L1_378378.R2.fastp.fastq.gz,1gpu
watde0389_L4,/jic/archive/projects/watseq/ECS/pr-raw-watseq/Wat379-463/data/WATDE0389_9D14809RP3F378378PA_AHLYHLDSXX_L4_378378.R1.fastp.fastq.gz,/jic/archive/projects/watseq/ECS/pr-raw-watseq/Wat379-463/data/WATDE0389_9D14809RP3F378378PA_AHLYHLDSXX_L4_378378.R2.fastp.fastq.gz,1gpu
watde0389_L4,/jic/archive/projects/watseq/ECS/pr-raw-watseq/Wat379-463/data/WATDE0389_9D14809RP3F378378PB_AHJ7T7DSXX_L4_378378.R1.fastp.fastq.gz,/jic/archive/projects/watseq/ECS/pr-raw-watseq/Wat379-463/data/WATDE0389_9D14809RP3F378378PB_AHJ7T7DSXX_L4_378378.R2.fastp.fastq.gz,1gpu
watde0391_L3,/jic/archive/projects/watseq/ECS/pr-raw-watseq/Wat379-463/data/WATDE0391_9D14810RP3F379379PA_AHJ7T7DSXX_L3_379379.R1.fastp.fastq.gz,/jic/archive/projects/watseq/ECS/pr-raw-watseq/Wat379-463/data/WATDE0391_9D14810RP3F379379PA_AHJ7T7DSXX_L3_379379.R2.fastp.fastq.gz,1gpu
watde0391_L3,/jic/archive/projects/watseq/ECS/pr-raw-watseq/Wat379-463/data/WATDE0391_9D14810RP3F379379PA_BHLWWCDSXX_L3_379379.R1.fastp.fastq.gz,/jic/archive/projects/watseq/ECS/pr-raw-watseq/Wat379-463/data/WATDE0391_9D14810RP3F379379PA_BHLWWCDSXX_L3_379379.R2.fastp.fastq.gz,1gpu
watde0391_L4,/jic/archive/projects/watseq/ECS/pr-raw-watseq/Wat379-463/data/WATDE0391_9D14810RP3F379379PB_AHJ7T7DSXX_L4_379379.R1.fastp.fastq.gz,/jic/archive/projects/watseq/ECS/pr-raw-watseq/Wat379-463/data/WATDE0391_9D14810RP3F379379PB_AHJ7T7DSXX_L4_379379.R2.fastp.fastq.gz,1gpu
watde0578_L1,/jic/archive/projects/watseq/ECS/pr-raw-watseq/Wat560-648/data/WATDE0578_9D14917RP3F375375PA_BHJWCTDSXX_L1_375375.R1.fastp.fastq.gz,/jic/archive/projects/watseq/ECS/pr-raw-watseq/Wat560-648/data/WATDE0578_9D14917RP3F375375PA_BHJWCTDSXX_L1_375375.R2.fastp.fastq.gz,1gpu
watde0578_L4,/jic/archive/projects/watseq/ECS/pr-raw-watseq/Wat560-648/data/WATDE0578_9D14917RP3F375375PB_BHJWCTDSXX_L4_375375.R1.fastp.fastq.gz,/jic/archive/projects/watseq/ECS/pr-raw-watseq/Wat560-648/data/WATDE0578_9D14917RP3F375375PB_BHJWCTDSXX_L4_375375.R2.fastp.fastq.gz,1gpu
watde0270_L3,/jic/archive/projects/watseq/ECS/pr-raw-watseq/Wat204-286/data/WATDE0270_9D14737RP3F313313PA_BHJWCTDSXX_L3_313313.R1.fastp.fastq.gz,/jic/archive/projects/watseq/ECS/pr-raw-watseq/Wat204-286/data/WATDE0270_9D14737RP3F313313PA_BHJWCTDSXX_L3_313313.R2.fastp.fastq.gz,1gpu
watde0270_L3,/jic/archive/projects/watseq/ECS/pr-raw-watseq/Wat204-286/data/WATDE0270_9D14737RP3F313313PB_AHJTYKDSXX_L3_313313.R1.fastp.fastq.gz,/jic/archive/projects/watseq/ECS/pr-raw-watseq/Wat204-286/data/WATDE0270_9D14737RP3F313313PB_AHJTYKDSXX_L3_313313.R2.fastp.fastq.gz,1gpu
watde0482_L1,/jic/archive/projects/watseq/ECS/pr-raw-watseq/Wat463-558/data/WATDE0482_9D14860RP3F317317PA_BHLWYFDSXX_L1_317317.R1.fastp.fastq.gz,/jic/archive/projects/watseq/ECS/pr-raw-watseq/Wat463-558/data/WATDE0482_9D14860RP3F317317PA_BHLWYFDSXX_L1_317317.R2.fastp.fastq.gz,1gpu
watde0482_L2,/jic/archive/projects/watseq/ECS/pr-raw-watseq/Wat463-558/data/WATDE0482_9D14860RP3F317317PB_BHLWYFDSXX_L2_317317.R1.fastp.fastq.gz,/jic/archive/projects/watseq/ECS/pr-raw-watseq/Wat463-558/data/WATDE0482_9D14860RP3F317317PB_BHLWYFDSXX_L2_317317.R2.fastp.fastq.gz,1gpu
watde0884_L1,/jic/archive/projects/watseq/ECS/pr-raw-watseq/Wat880-953/data/WATDE0884_9D15072RP3F305305PA_AHLYFCDSXX_L1_305305.R1.fastp.fastq.gz,/jic/archive/projects/watseq/ECS/pr-raw-watseq/Wat880-953/data/WATDE0884_9D15072RP3F305305PA_AHLYFCDSXX_L1_305305.R2.fastp.fastq.gz,1gpu
watde0884_L1,/jic/archive/projects/watseq/ECS/pr-raw-watseq/Wat880-953/data/WATDE0884_9D15072RP3F305305PB_AHLYFWDSXX_L1_305305.R1.fastp.fastq.gz,/jic/archive/projects/watseq/ECS/pr-raw-watseq/Wat880-953/data/WATDE0884_9D15072RP3F305305PB_AHLYFWDSXX_L1_305305.R2.fastp.fastq.gz,1gpu
watde0236_L4,/jic/archive/projects/watseq/ECS/pr-raw-watseq/Wat204-286/data/WATDE0236_9D14719RP3F381381PA_BHJVVWDSXX_L4_381381.R1.fastp.fastq.gz,/jic/archive/projects/watseq/ECS/pr-raw-watseq/Wat204-286/data/WATDE0236_9D14719RP3F381381PA_BHJVVWDSXX_L4_381381.R2.fastp.fastq.gz,1gpu
watde0236_L1,/jic/archive/projects/watseq/ECS/pr-raw-watseq/Wat204-286/data/WATDE0236_9D14719RP3F381381PB_AHJTYKDSXX_L1_381381.R1.fastp.fastq.gz,/jic/archive/projects/watseq/ECS/pr-raw-watseq/Wat204-286/data/WATDE0236_9D14719RP3F381381PB_AHJTYKDSXX_L1_381381.R2.fastp.fastq.gz,1gpu
watde0334_L4,/jic/archive/projects/watseq/ECS/pr-raw-watseq/Wat287-379/data/WATDE0334_9D14777RP3F342342PA_AHLW73DSXX_L4_342342.R1.fastp.fastq.gz,/jic/archive/projects/watseq/ECS/pr-raw-watseq/Wat287-379/data/WATDE0334_9D14777RP3F342342PA_AHLW73DSXX_L4_342342.R2.fastp.fastq.gz,1gpu
watde0334_L4,/jic/archive/projects/watseq/ECS/pr-raw-watseq/Wat287-379/data/WATDE0334_9D14777RP3F342342PA_AHLWWJDSXX_L4_342342.R1.fastp.fastq.gz,/jic/archive/projects/watseq/ECS/pr-raw-watseq/Wat287-379/data/WATDE0334_9D14777RP3F342342PA_AHLWWJDSXX_L4_342342.R2.fastp.fastq.gz,1gpu
watde0334_L3,/jic/archive/projects/watseq/ECS/pr-raw-watseq/Wat287-379/data/WATDE0334_9D14777RP3F342342PA_BHJ7GHDSXX_L3_342342.R1.fastp.fastq.gz,/jic/archive/projects/watseq/ECS/pr-raw-watseq/Wat287-379/data/WATDE0334_9D14777RP3F342342PA_BHJ7GHDSXX_L3_342342.R2.fastp.fastq.gz,1gpu
watde0334_L3,/jic/archive/projects/watseq/ECS/pr-raw-watseq/Wat287-379/data/WATDE0334_9D14777RP3F342342PA_BHLWWCDSXX_L3_342342.R1.fastp.fastq.gz,/jic/archive/projects/watseq/ECS/pr-raw-watseq/Wat287-379/data/WATDE0334_9D14777RP3F342342PA_BHLWWCDSXX_L3_342342.R2.fastp.fastq.gz,1gpu
watde0334_L2,/jic/archive/projects/watseq/ECS/pr-raw-watseq/Wat287-379/data/WATDE0334_9D14777RP3F342342PB_AHLWN2DSXX_L2_342342.R1.fastp.fastq.gz,/jic/archive/projects/watseq/ECS/pr-raw-watseq/Wat287-379/data/WATDE0334_9D14777RP3F342342PB_AHLWN2DSXX_L2_342342.R2.fastp.fastq.gz,1gpu
watde0967_L2,/jic/archive/projects/watseq/ECS/pr-raw-watseq/Wat937-969/data/WATDE0967_9D15120RP3F360360PA_AHLYFWDSXX_L2_360360.R1.fastp.fastq.gz,/jic/archive/projects/watseq/ECS/pr-raw-watseq/Wat937-969/data/WATDE0967_9D15120RP3F360360PA_AHLYFWDSXX_L2_360360.R2.fastp.fastq.gz,1gpu
watde0967_L1,/jic/archive/projects/watseq/ECS/pr-raw-watseq/Wat937-969/data/WATDE0967_9D15120RP3F360360PB_AHLWLVDSXX_L1_360360.R1.fastp.fastq.gz,/jic/archive/projects/watseq/ECS/pr-raw-watseq/Wat937-969/data/WATDE0967_9D15120RP3F360360PB_AHLWLVDSXX_L1_360360.R2.fastp.fastq.gz,1gpu
watde0302_L4,/jic/archive/projects/watseq/ECS/pr-raw-watseq/Wat287-379/data/WATDE0302_9D14757RP3F324324PA_AHK2KKDSXX_L4_324324.R1.fastp.fastq.gz,/jic/archive/projects/watseq/ECS/pr-raw-watseq/Wat287-379/data/WATDE0302_9D14757RP3F324324PA_AHK2KKDSXX_L4_324324.R2.fastp.fastq.gz,1gpu
watde0302_L3,/jic/archive/projects/watseq/ECS/pr-raw-watseq/Wat287-379/data/WATDE0302_9D14757RP3F324324PA_BHLWWCDSXX_L3_324324.R1.fastp.fastq.gz,/jic/archive/projects/watseq/ECS/pr-raw-watseq/Wat287-379/data/WATDE0302_9D14757RP3F324324PA_BHLWWCDSXX_L3_324324.R2.fastp.fastq.gz,1gpu
watde0302_L1,/jic/archive/projects/watseq/ECS/pr-raw-watseq/Wat287-379/data/WATDE0302_9D14757RP3F324324PB_BHJ7GHDSXX_L1_324324.R1.fastp.fastq.gz,/jic/archive/projects/watseq/ECS/pr-raw-watseq/Wat287-379/data/WATDE0302_9D14757RP3F324324PB_BHJ7GHDSXX_L1_324324.R2.fastp.fastq.gz,1gpu
watde0512_L3,/jic/archive/projects/watseq/ECS/pr-raw-watseq/Wat463-558/data/WATDE0512_9D14881RP3F335335PA_AHLWWJDSXX_L3_335335.R1.fastp.fastq.gz,/jic/archive/projects/watseq/ECS/pr-raw-watseq/Wat463-558/data/WATDE0512_9D14881RP3F335335PA_AHLWWJDSXX_L3_335335.R2.fastp.fastq.gz,1gpu
watde0512_L1,/jic/archive/projects/watseq/ECS/pr-raw-watseq/Wat463-558/data/WATDE0512_9D14881RP3F335335PA_AHLYH5DSXX_L1_335335.R1.fastp.fastq.gz,/jic/archive/projects/watseq/ECS/pr-raw-watseq/Wat463-558/data/WATDE0512_9D14881RP3F335335PA_AHLYH5DSXX_L1_335335.R2.fastp.fastq.gz,1gpu
watde0512_L4,/jic/archive/projects/watseq/ECS/pr-raw-watseq/Wat463-558/data/WATDE0512_9D14881RP3F335335PA_BHLY7KDSXX_L4_335335.R1.fastp.fastq.gz,/jic/archive/projects/watseq/ECS/pr-raw-watseq/Wat463-558/data/WATDE0512_9D14881RP3F335335PA_BHLY7KDSXX_L4_335335.R2.fastp.fastq.gz,1gpu
watde0512_L2,/jic/archive/projects/watseq/ECS/pr-raw-watseq/Wat463-558/data/WATDE0512_9D14881RP3F335335PB_AHLYH5DSXX_L2_335335.R1.fastp.fastq.gz,/jic/archive/projects/watseq/ECS/pr-raw-watseq/Wat463-558/data/WATDE0512_9D14881RP3F335335PB_AHLYH5DSXX_L2_335335.R2.fastp.fastq.gz,1gpu
watde0301_L3,/jic/archive/projects/watseq/ECS/pr-raw-watseq/Wat287-379/data/WATDE0301_9D14756RP3F323323PA_BHJWTLDSXX_L3_323323.R1.fastp.fastq.gz,/jic/archive/projects/watseq/ECS/pr-raw-watseq/Wat287-379/data/WATDE0301_9D14756RP3F323323PA_BHJWTLDSXX_L3_323323.R2.fastp.fastq.gz,1gpu
watde0301_L1,/jic/archive/projects/watseq/ECS/pr-raw-watseq/Wat287-379/data/WATDE0301_9D14756RP3F323323PB_BHJ7GHDSXX_L1_323323.R1.fastp.fastq.gz,/jic/archive/projects/watseq/ECS/pr-raw-watseq/Wat287-379/data/WATDE0301_9D14756RP3F323323PB_BHJ7GHDSXX_L1_323323.R2.fastp.fastq.gz,1gpu
watde0301_L4,/jic/archive/projects/watseq/ECS/pr-raw-watseq/Wat287-379/data/WATDE0301_9D14756RP3F323323PB_BHLWWCDSXX_L4_323323.R1.fastp.fastq.gz,/jic/archive/projects/watseq/ECS/pr-raw-watseq/Wat287-379/data/WATDE0301_9D14756RP3F323323PB_BHLWWCDSXX_L4_323323.R2.fastp.fastq.gz,1gpu
watde0513_L1,/jic/archive/projects/watseq/ECS/pr-raw-watseq/Wat463-558/data/WATDE0513_9D14882RP3F336336PA_AHLYH5DSXX_L1_336336.R1.fastp.fastq.gz,/jic/archive/projects/watseq/ECS/pr-raw-watseq/Wat463-558/data/WATDE0513_9D14882RP3F336336PA_AHLYH5DSXX_L1_336336.R2.fastp.fastq.gz,1gpu
watde0513_L2,/jic/archive/projects/watseq/ECS/pr-raw-watseq/Wat463-558/data/WATDE0513_9D14882RP3F336336PB_AHLYH5DSXX_L2_336336.R1.fastp.fastq.gz,/jic/archive/projects/watseq/ECS/pr-raw-watseq/Wat463-558/data/WATDE0513_9D14882RP3F336336PB_AHLYH5DSXX_L2_336336.R2.fastp.fastq.gz,1gpu
watde0955_L2,/jic/archive/projects/watseq/ECS/pr-raw-watseq/Wat937-969/data/WATDE0955_9D15113RP3F351351PA_AHLW73DSXX_L2_351351.R1.fastp.fastq.gz,/jic/archive/projects/watseq/ECS/pr-raw-watseq/Wat937-969/data/WATDE0955_9D15113RP3F351351PA_AHLW73DSXX_L2_351351.R2.fastp.fastq.gz,1gpu
watde0955_L3,/jic/archive/projects/watseq/ECS/pr-raw-watseq/Wat937-969/data/WATDE0955_9D15113RP3F351351PA_AHLWWJDSXX_L3_351351.R1.fastp.fastq.gz,/jic/archive/projects/watseq/ECS/pr-raw-watseq/Wat937-969/data/WATDE0955_9D15113RP3F351351PA_AHLWWJDSXX_L3_351351.R2.fastp.fastq.gz,1gpu
watde0955_L2,/jic/archive/projects/watseq/ECS/pr-raw-watseq/Wat937-969/data/WATDE0955_9D15113RP3F351351PA_BHLWY5DSXX_L2_351351.R1.fastp.fastq.gz,/jic/archive/projects/watseq/ECS/pr-raw-watseq/Wat937-969/data/WATDE0955_9D15113RP3F351351PA_BHLWY5DSXX_L2_351351.R2.fastp.fastq.gz,1gpu
watde0955_L4,/jic/archive/projects/watseq/ECS/pr-raw-watseq/Wat937-969/data/WATDE0955_9D15113RP3F351351PB_BHJTYWDSXX_L4_351351.R1.fastp.fastq.gz,/jic/archive/projects/watseq/ECS/pr-raw-watseq/Wat937-969/data/WATDE0955_9D15113RP3F351351PB_BHJTYWDSXX_L4_351351.R2.fastp.fastq.gz,1gpu
watde0955_L4,/jic/archive/projects/watseq/ECS/pr-raw-watseq/Wat937-969/data/WATDE0955_9D15113RP3F351351PB_BHLWWLDSXX_L4_351351.R1.fastp.fastq.gz,/jic/archive/projects/watseq/ECS/pr-raw-watseq/Wat937-969/data/WATDE0955_9D15113RP3F351351PB_BHLWWLDSXX_L4_351351.R2.fastp.fastq.gz,1gpu
watde0830_L4,/jic/archive/projects/watseq/ECS/pr-raw-watseq/Wat797-879/data/WATDE0830_9D15043RP3F352352PA_AHJ7MJDSXX_L4_352352.R1.fastp.fastq.gz,/jic/archive/projects/watseq/ECS/pr-raw-watseq/Wat797-879/data/WATDE0830_9D15043RP3F352352PA_AHJ7MJDSXX_L4_352352.R2.fastp.fastq.gz,1gpu
watde0830_L3,/jic/archive/projects/watseq/ECS/pr-raw-watseq/Wat797-879/data/WATDE0830_9D15043RP3F352352PB_AHJ7MJDSXX_L3_352352.R1.fastp.fastq.gz,/jic/archive/projects/watseq/ECS/pr-raw-watseq/Wat797-879/data/WATDE0830_9D15043RP3F352352PB_AHJ7MJDSXX_L3_352352.R2.fastp.fastq.gz,1gpu
watde0830_L1,/jic/archive/projects/watseq/ECS/pr-raw-watseq/Wat797-879/data/WATDE0830_9D15043RP3F352352PB_BHLWWCDSXX_L1_352352.R1.fastp.fastq.gz,/jic/archive/projects/watseq/ECS/pr-raw-watseq/Wat797-879/data/WATDE0830_9D15043RP3F352352PB_BHLWWCDSXX_L1_352352.R2.fastp.fastq.gz,1gpu
watde1014_L4,/jic/archive/projects/watseq/ECS/pr-raw-watseq/Wat970-1062/data/WATDE1014_9D15144RP3F379379PA_BHJTWTDSXX_L4_379379.R1.fastp.fastq.gz,/jic/archive/projects/watseq/ECS/pr-raw-watseq/Wat970-1062/data/WATDE1014_9D15144RP3F379379PA_BHJTWTDSXX_L4_379379.R2.fastp.fastq.gz,1gpu
watde1014_L2,/jic/archive/projects/watseq/ECS/pr-raw-watseq/Wat970-1062/data/WATDE1014_9D15144RP3F379379PB_AHLWLVDSXX_L2_379379.R1.fastp.fastq.gz,/jic/archive/projects/watseq/ECS/pr-raw-watseq/Wat970-1062/data/WATDE1014_9D15144RP3F379379PB_AHLWLVDSXX_L2_379379.R2.fastp.fastq.gz,1gpu
watde1035_L1,/jic/archive/projects/watseq/ECS/pr-raw-watseq/Wat970-1062/data/WATDE1035_9D15155RP3F394394PA_AHJWH7DSXX_L1_394394.R1.fastp.fastq.gz,/jic/archive/projects/watseq/ECS/pr-raw-watseq/Wat970-1062/data/WATDE1035_9D15155RP3F394394PA_AHJWH7DSXX_L1_394394.R2.fastp.fastq.gz,1gpu
watde1035_L4,/jic/archive/projects/watseq/ECS/pr-raw-watseq/Wat970-1062/data/WATDE1035_9D15155RP3F394394PA_AHLW73DSXX_L4_394394.R1.fastp.fastq.gz,/jic/archive/projects/watseq/ECS/pr-raw-watseq/Wat970-1062/data/WATDE1035_9D15155RP3F394394PA_AHLW73DSXX_L4_394394.R2.fastp.fastq.gz,1gpu
watde1035_L4,/jic/archive/projects/watseq/ECS/pr-raw-watseq/Wat970-1062/data/WATDE1035_9D15155RP3F394394PA_AHLWWJDSXX_L4_394394.R1.fastp.fastq.gz,/jic/archive/projects/watseq/ECS/pr-raw-watseq/Wat970-1062/data/WATDE1035_9D15155RP3F394394PA_AHLWWJDSXX_L4_394394.R2.fastp.fastq.gz,1gpu
watde1035_L3,/jic/archive/projects/watseq/ECS/pr-raw-watseq/Wat970-1062/data/WATDE1035_9D15155RP3F394394PA_BHLY7KDSXX_L3_394394.R1.fastp.fastq.gz,/jic/archive/projects/watseq/ECS/pr-raw-watseq/Wat970-1062/data/WATDE1035_9D15155RP3F394394PA_BHLY7KDSXX_L3_394394.R2.fastp.fastq.gz,1gpu
watde1035_L3,/jic/archive/projects/watseq/ECS/pr-raw-watseq/Wat970-1062/data/WATDE1035_9D15155RP3F394394PB_AHLWLVDSXX_L3_394394.R1.fastp.fastq.gz,/jic/archive/projects/watseq/ECS/pr-raw-watseq/Wat970-1062/data/WATDE1035_9D15155RP3F394394PB_AHLWLVDSXX_L3_394394.R2.fastp.fastq.gz,1gpu
watde0079_L2,/jic/archive/projects/watseq/ECS/pr-raw-watseq/Wat048-113/data/WATDE0079_9D15044RP3F395395PA_AHLWFHDSXX_L2_395395.R1.fastp.fastq.gz,/jic/archive/projects/watseq/ECS/pr-raw-watseq/Wat048-113/data/WATDE0079_9D15044RP3F395395PA_AHLWFHDSXX_L2_395395.R2.fastp.fastq.gz,1gpu
watde0079_L1,/jic/archive/projects/watseq/ECS/pr-raw-watseq/Wat048-113/data/WATDE0079_9D15044RP3F395395PA_BHJV3MDSXX_L1_395395.R1.fastp.fastq.gz,/jic/archive/projects/watseq/ECS/pr-raw-watseq/Wat048-113/data/WATDE0079_9D15044RP3F395395PA_BHJV3MDSXX_L1_395395.R2.fastp.fastq.gz,1gpu
watde0079_L3,/jic/archive/projects/watseq/ECS/pr-raw-watseq/Wat048-113/data/WATDE0079_9D15044RP3F395395PB_BHJTYWDSXX_L3_395395.R1.fastp.fastq.gz,/jic/archive/projects/watseq/ECS/pr-raw-watseq/Wat048-113/data/WATDE0079_9D15044RP3F395395PB_BHJTYWDSXX_L3_395395.R2.fastp.fastq.gz,1gpu
watde0079_L3,/jic/archive/projects/watseq/ECS/pr-raw-watseq/Wat048-113/data/WATDE0079_9D15044RP3F395395PB_BHLWWLDSXX_L3_395395.R1.fastp.fastq.gz,/jic/archive/projects/watseq/ECS/pr-raw-watseq/Wat048-113/data/WATDE0079_9D15044RP3F395395PB_BHLWWLDSXX_L3_395395.R2.fastp.fastq.gz,1gpu
watde0387_L3,/jic/archive/projects/watseq/ECS/pr-raw-watseq/Wat379-463/data/WATDE0387_9D14808RP3F377377PA_AHJ7T7DSXX_L3_377377.R1.fastp.fastq.gz,/jic/archive/projects/watseq/ECS/pr-raw-watseq/Wat379-463/data/WATDE0387_9D14808RP3F377377PA_AHJ7T7DSXX_L3_377377.R2.fastp.fastq.gz,1gpu
watde0387_L4,/jic/archive/projects/watseq/ECS/pr-raw-watseq/Wat379-463/data/WATDE0387_9D14808RP3F377377PB_AHJ7T7DSXX_L4_377377.R1.fastp.fastq.gz,/jic/archive/projects/watseq/ECS/pr-raw-watseq/Wat379-463/data/WATDE0387_9D14808RP3F377377PB_AHJ7T7DSXX_L4_377377.R2.fastp.fastq.gz,1gpu
watde0136_L3,/jic/archive/projects/watseq/ECS/pr-raw-watseq/Wat114-203/data/WATDE0136_9D14652RP3F307307PA_AHLWN2DSXX_L3_307307.R1.fastp.fastq.gz,/jic/archive/projects/watseq/ECS/pr-raw-watseq/Wat114-203/data/WATDE0136_9D14652RP3F307307PA_AHLWN2DSXX_L3_307307.R2.fastp.fastq.gz,1gpu
watde0136_L4,/jic/archive/projects/watseq/ECS/pr-raw-watseq/Wat114-203/data/WATDE0136_9D14652RP3F307307PB_AHLWN2DSXX_L4_307307.R1.fastp.fastq.gz,/jic/archive/projects/watseq/ECS/pr-raw-watseq/Wat114-203/data/WATDE0136_9D14652RP3F307307PB_AHLWN2DSXX_L4_307307.R2.fastp.fastq.gz,1gpu
watde0059_L1,/jic/archive/projects/watseq/ECS/pr-raw-watseq/Wat048-113/data/WATDE0059_9D14943RP3F354354PA_AHJWHNDSXX_L1_354354.R1.fastp.fastq.gz,/jic/archive/projects/watseq/ECS/pr-raw-watseq/Wat048-113/data/WATDE0059_9D14943RP3F354354PA_AHJWHNDSXX_L1_354354.R2.fastp.fastq.gz,1gpu
watde0059_L2,/jic/archive/projects/watseq/ECS/pr-raw-watseq/Wat048-113/data/WATDE0059_9D14943RP3F354354PB_AHJWHNDSXX_L2_354354.R1.fastp.fastq.gz,/jic/archive/projects/watseq/ECS/pr-raw-watseq/Wat048-113/data/WATDE0059_9D14943RP3F354354PB_AHJWHNDSXX_L2_354354.R2.fastp.fastq.gz,1gpu
watde0230_L1,/jic/archive/projects/watseq/ECS/pr-raw-watseq/Wat204-286/data/WATDE0230_9D14714RP3F373373PA_BHJ7T2DSXX_L1_373373.R1.fastp.fastq.gz,/jic/archive/projects/watseq/ECS/pr-raw-watseq/Wat204-286/data/WATDE0230_9D14714RP3F373373PA_BHJ7T2DSXX_L1_373373.R2.fastp.fastq.gz,1gpu
watde0230_L2,/jic/archive/projects/watseq/ECS/pr-raw-watseq/Wat204-286/data/WATDE0230_9D14714RP3F373373PB_BHJ7T2DSXX_L2_373373.R1.fastp.fastq.gz,/jic/archive/projects/watseq/ECS/pr-raw-watseq/Wat204-286/data/WATDE0230_9D14714RP3F373373PB_BHJ7T2DSXX_L2_373373.R2.fastp.fastq.gz,1gpu
watde0636_L2,/jic/archive/projects/watseq/ECS/pr-raw-watseq/Wat560-648/data/WATDE0636_9D14942RP3F348348PA_AHJWHNDSXX_L2_348348.R1.fastp.fastq.gz,/jic/archive/projects/watseq/ECS/pr-raw-watseq/Wat560-648/data/WATDE0636_9D14942RP3F348348PA_AHJWHNDSXX_L2_348348.R2.fastp.fastq.gz,1gpu
watde0636_L4,/jic/archive/projects/watseq/ECS/pr-raw-watseq/Wat560-648/data/WATDE0636_9D14942RP3F348348PA_BHLWWCDSXX_L4_348348.R1.fastp.fastq.gz,/jic/archive/projects/watseq/ECS/pr-raw-watseq/Wat560-648/data/WATDE0636_9D14942RP3F348348PA_BHLWWCDSXX_L4_348348.R2.fastp.fastq.gz,1gpu
watde0636_L1,/jic/archive/projects/watseq/ECS/pr-raw-watseq/Wat560-648/data/WATDE0636_9D14942RP3F348348PB_AHJWHNDSXX_L1_348348.R1.fastp.fastq.gz,/jic/archive/projects/watseq/ECS/pr-raw-watseq/Wat560-648/data/WATDE0636_9D14942RP3F348348PB_AHJWHNDSXX_L1_348348.R2.fastp.fastq.gz,1gpu
watde0878_L1,/jic/archive/projects/watseq/ECS/pr-raw-watseq/Wat797-879/data/WATDE0878_9D15068RP3F388388PA_BHLWY5DSXX_L1_388388.R1.fastp.fastq.gz,/jic/archive/projects/watseq/ECS/pr-raw-watseq/Wat797-879/data/WATDE0878_9D15068RP3F388388PA_BHLWY5DSXX_L1_388388.R2.fastp.fastq.gz,1gpu
watde0878_L4,/jic/archive/projects/watseq/ECS/pr-raw-watseq/Wat797-879/data/WATDE0878_9D15068RP3F388388PB_BHLWY5DSXX_L4_388388.R1.fastp.fastq.gz,/jic/archive/projects/watseq/ECS/pr-raw-watseq/Wat797-879/data/WATDE0878_9D15068RP3F388388PB_BHLWY5DSXX_L4_388388.R2.fastp.fastq.gz,1gpu
watde0878_L4,/jic/archive/projects/watseq/ECS/pr-raw-watseq/Wat797-879/data/WATDE0878_9D15068RP3F388388PB_BHLYF3DSXX_L4_388388.R1.fastp.fastq.gz,/jic/archive/projects/watseq/ECS/pr-raw-watseq/Wat797-879/data/WATDE0878_9D15068RP3F388388PB_BHLYF3DSXX_L4_388388.R2.fastp.fastq.gz,1gpu
watde0969_L2,/jic/archive/projects/watseq/ECS/pr-raw-watseq/Wat937-969/data/WATDE0969_9D15121RP3F361361PA_AHLYFWDSXX_L2_361361.R1.fastp.fastq.gz,/jic/archive/projects/watseq/ECS/pr-raw-watseq/Wat937-969/data/WATDE0969_9D15121RP3F361361PA_AHLYFWDSXX_L2_361361.R2.fastp.fastq.gz,1gpu
watde0969_L1,/jic/archive/projects/watseq/ECS/pr-raw-watseq/Wat937-969/data/WATDE0969_9D15121RP3F361361PB_AHLWLVDSXX_L1_361361.R1.fastp.fastq.gz,/jic/archive/projects/watseq/ECS/pr-raw-watseq/Wat937-969/data/WATDE0969_9D15121RP3F361361PB_AHLWLVDSXX_L1_361361.R2.fastp.fastq.gz,1gpu
watde0207_L4,/jic/archive/projects/watseq/ECS/pr-raw-watseq/Wat204-286/data/WATDE0207_9D14699RP3F360360PA_AHJWHKDSXX_L4_360360.R1.fastp.fastq.gz,/jic/archive/projects/watseq/ECS/pr-raw-watseq/Wat204-286/data/WATDE0207_9D14699RP3F360360PA_AHJWHKDSXX_L4_360360.R2.fastp.fastq.gz,1gpu
watde0207_L3,/jic/archive/projects/watseq/ECS/pr-raw-watseq/Wat204-286/data/WATDE0207_9D14699RP3F360360PB_AHJWHKDSXX_L3_360360.R1.fastp.fastq.gz,/jic/archive/projects/watseq/ECS/pr-raw-watseq/Wat204-286/data/WATDE0207_9D14699RP3F360360PB_AHJWHKDSXX_L3_360360.R2.fastp.fastq.gz,1gpu
watde0207_L4,/jic/archive/projects/watseq/ECS/pr-raw-watseq/Wat204-286/data/WATDE0207_9D14699RP3F360360PB_BHLWWCDSXX_L4_360360.R1.fastp.fastq.gz,/jic/archive/projects/watseq/ECS/pr-raw-watseq/Wat204-286/data/WATDE0207_9D14699RP3F360360PB_BHLWWCDSXX_L4_360360.R2.fastp.fastq.gz,1gpu
watde0823_L2,/jic/archive/projects/watseq/ECS/pr-raw-watseq/Wat797-879/data/WATDE0823_9D15039RP3F347347PA_AHJ7MJDSXX_L2_347347.R1.fastp.fastq.gz,/jic/archive/projects/watseq/ECS/pr-raw-watseq/Wat797-879/data/WATDE0823_9D15039RP3F347347PA_AHJ7MJDSXX_L2_347347.R2.fastp.fastq.gz,1gpu
watde0823_L1,/jic/archive/projects/watseq/ECS/pr-raw-watseq/Wat797-879/data/WATDE0823_9D15039RP3F347347PB_AHJ7MJDSXX_L1_347347.R1.fastp.fastq.gz,/jic/archive/projects/watseq/ECS/pr-raw-watseq/Wat797-879/data/WATDE0823_9D15039RP3F347347PB_AHJ7MJDSXX_L1_347347.R2.fastp.fastq.gz,1gpu
watde0823_L1,/jic/archive/projects/watseq/ECS/pr-raw-watseq/Wat797-879/data/WATDE0823_9D15039RP3F347347PB_BHLWWCDSXX_L1_347347.R1.fastp.fastq.gz,/jic/archive/projects/watseq/ECS/pr-raw-watseq/Wat797-879/data/WATDE0823_9D15039RP3F347347PB_BHLWWCDSXX_L1_347347.R2.fastp.fastq.gz,1gpu
watde0966_L2,/jic/archive/projects/watseq/ECS/pr-raw-watseq/Wat937-969/data/WATDE0966_9D15119RP3F359359PA_AHLYFWDSXX_L2_359359.R1.fastp.fastq.gz,/jic/archive/projects/watseq/ECS/pr-raw-watseq/Wat937-969/data/WATDE0966_9D15119RP3F359359PA_AHLYFWDSXX_L2_359359.R2.fastp.fastq.gz,1gpu
watde0966_L4,/jic/archive/projects/watseq/ECS/pr-raw-watseq/Wat937-969/data/WATDE0966_9D15119RP3F359359PB_AHJWH7DSXX_L4_359359.R1.fastp.fastq.gz,/jic/archive/projects/watseq/ECS/pr-raw-watseq/Wat937-969/data/WATDE0966_9D15119RP3F359359PB_AHJWH7DSXX_L4_359359.R2.fastp.fastq.gz,1gpu
watde0209_L1,/jic/archive/projects/watseq/ECS/pr-raw-watseq/Wat204-286/data/WATDE0209_9D14700RP3F361361PA_BHJVVWDSXX_L1_361361.R1.fastp.fastq.gz,/jic/archive/projects/watseq/ECS/pr-raw-watseq/Wat204-286/data/WATDE0209_9D14700RP3F361361PA_BHJVVWDSXX_L1_361361.R2.fastp.fastq.gz,1gpu
watde0209_L4,/jic/archive/projects/watseq/ECS/pr-raw-watseq/Wat204-286/data/WATDE0209_9D14700RP3F361361PB_AHJWHKDSXX_L4_361361.R1.fastp.fastq.gz,/jic/archive/projects/watseq/ECS/pr-raw-watseq/Wat204-286/data/WATDE0209_9D14700RP3F361361PB_AHJWHKDSXX_L4_361361.R2.fastp.fastq.gz,1gpu
watde0543_L3,/jic/archive/projects/watseq/ECS/pr-raw-watseq/Wat463-558/data/WATDE0543_9D14898RP3F353353PA_BHLWYYDSXX_L3_353353.R1.fastp.fastq.gz,/jic/archive/projects/watseq/ECS/pr-raw-watseq/Wat463-558/data/WATDE0543_9D14898RP3F353353PA_BHLWYYDSXX_L3_353353.R2.fastp.fastq.gz,1gpu
watde0543_L4,/jic/archive/projects/watseq/ECS/pr-raw-watseq/Wat463-558/data/WATDE0543_9D14898RP3F353353PB_BHLWYYDSXX_L4_353353.R1.fastp.fastq.gz,/jic/archive/projects/watseq/ECS/pr-raw-watseq/Wat463-558/data/WATDE0543_9D14898RP3F353353PB_BHLWYYDSXX_L4_353353.R2.fastp.fastq.gz,1gpu
watde0109_L1,/jic/archive/projects/watseq/ECS/pr-raw-watseq/Wat048-113/data/WATDE0109_9D15117RP3F357357PA_AHLYFWDSXX_L1_357357.R1.fastp.fastq.gz,/jic/archive/projects/watseq/ECS/pr-raw-watseq/Wat048-113/data/WATDE0109_9D15117RP3F357357PA_AHLYFWDSXX_L1_357357.R2.fastp.fastq.gz,1gpu
watde0109_L4,/jic/archive/projects/watseq/ECS/pr-raw-watseq/Wat048-113/data/WATDE0109_9D15117RP3F357357PB_AHJWH7DSXX_L4_357357.R1.fastp.fastq.gz,/jic/archive/projects/watseq/ECS/pr-raw-watseq/Wat048-113/data/WATDE0109_9D15117RP3F357357PB_AHJWH7DSXX_L4_357357.R2.fastp.fastq.gz,1gpu
watde0109_L4,/jic/archive/projects/watseq/ECS/pr-raw-watseq/Wat048-113/data/WATDE0109_9D15117RP3F357357PB_AHLW73DSXX_L4_357357.R1.fastp.fastq.gz,/jic/archive/projects/watseq/ECS/pr-raw-watseq/Wat048-113/data/WATDE0109_9D15117RP3F357357PB_AHLW73DSXX_L4_357357.R2.fastp.fastq.gz,1gpu
watde0109_L4,/jic/archive/projects/watseq/ECS/pr-raw-watseq/Wat048-113/data/WATDE0109_9D15117RP3F357357PB_AHLWWJDSXX_L4_357357.R1.fastp.fastq.gz,/jic/archive/projects/watseq/ECS/pr-raw-watseq/Wat048-113/data/WATDE0109_9D15117RP3F357357PB_AHLWWJDSXX_L4_357357.R2.fastp.fastq.gz,1gpu
watde0109_L4,/jic/archive/projects/watseq/ECS/pr-raw-watseq/Wat048-113/data/WATDE0109_9D15117RP3F357357PB_BHLY7KDSXX_L4_357357.R1.fastp.fastq.gz,/jic/archive/projects/watseq/ECS/pr-raw-watseq/Wat048-113/data/WATDE0109_9D15117RP3F357357PB_BHLY7KDSXX_L4_357357.R2.fastp.fastq.gz,1gpu
watde0119_L2,/jic/archive/projects/watseq/ECS/pr-raw-watseq/Wat114-203/data/WATDE0119_9D15171RP3F388388PA_AHJWH7DSXX_L2_388388.R1.fastp.fastq.gz,/jic/archive/projects/watseq/ECS/pr-raw-watseq/Wat114-203/data/WATDE0119_9D15171RP3F388388PA_AHJWH7DSXX_L2_388388.R2.fastp.fastq.gz,1gpu
watde0119_L4,/jic/archive/projects/watseq/ECS/pr-raw-watseq/Wat114-203/data/WATDE0119_9D15171RP3F388388PA_BHLWWCDSXX_L4_388388.R1.fastp.fastq.gz,/jic/archive/projects/watseq/ECS/pr-raw-watseq/Wat114-203/data/WATDE0119_9D15171RP3F388388PA_BHLWWCDSXX_L4_388388.R2.fastp.fastq.gz,1gpu
watde0119_L1,/jic/archive/projects/watseq/ECS/pr-raw-watseq/Wat114-203/data/WATDE0119_9D15171RP3F388388PB_AHLYFWDSXX_L1_388388.R1.fastp.fastq.gz,/jic/archive/projects/watseq/ECS/pr-raw-watseq/Wat114-203/data/WATDE0119_9D15171RP3F388388PB_AHLYFWDSXX_L1_388388.R2.fastp.fastq.gz,1gpu
watde0504_L3,/jic/archive/projects/watseq/ECS/pr-raw-watseq/Wat463-558/data/WATDE0504_9D14876RP3F333333PA_AHK2G2DSXX_L3_333333.R1.fastp.fastq.gz,/jic/archive/projects/watseq/ECS/pr-raw-watseq/Wat463-558/data/WATDE0504_9D14876RP3F333333PA_AHK2G2DSXX_L3_333333.R2.fastp.fastq.gz,1gpu
watde0504_L4,/jic/archive/projects/watseq/ECS/pr-raw-watseq/Wat463-558/data/WATDE0504_9D14876RP3F333333PB_AHK2G2DSXX_L4_333333.R1.fastp.fastq.gz,/jic/archive/projects/watseq/ECS/pr-raw-watseq/Wat463-558/data/WATDE0504_9D14876RP3F333333PB_AHK2G2DSXX_L4_333333.R2.fastp.fastq.gz,1gpu
watde1002_L4,/jic/archive/projects/watseq/ECS/pr-raw-watseq/Wat970-1062/data/WATDE1002_9D15137RP3F327327PA_BHJYF7DSXX_L4_327327.R1.fastp.fastq.gz,/jic/archive/projects/watseq/ECS/pr-raw-watseq/Wat970-1062/data/WATDE1002_9D15137RP3F327327PA_BHJYF7DSXX_L4_327327.R2.fastp.fastq.gz,1gpu
watde1002_L4,/jic/archive/projects/watseq/ECS/pr-raw-watseq/Wat970-1062/data/WATDE1002_9D15137RP3F331331PB_BHJYF7DSXX_L4_331331.R1.fastp.fastq.gz,/jic/archive/projects/watseq/ECS/pr-raw-watseq/Wat970-1062/data/WATDE1002_9D15137RP3F331331PB_BHJYF7DSXX_L4_331331.R2.fastp.fastq.gz,1gpu
watde0006_L1,/jic/archive/projects/watseq/ECS/pr-raw-watseq/Wat001-047_B1190023-B1190806/data/WATDE0006_9D14672RP3F330330PA_BHJVVMDSXX_L1_330330.R1.fastp.fastq.gz,/jic/archive/projects/watseq/ECS/pr-raw-watseq/Wat001-047_B1190023-B1190806/data/WATDE0006_9D14672RP3F330330PA_BHJVVMDSXX_L1_330330.R2.fastp.fastq.gz,1gpu
watde0006_L2,/jic/archive/projects/watseq/ECS/pr-raw-watseq/Wat001-047_B1190023-B1190806/data/WATDE0006_9D14672RP3F330330PB_BHJVVMDSXX_L2_330330.R1.fastp.fastq.gz,/jic/archive/projects/watseq/ECS/pr-raw-watseq/Wat001-047_B1190023-B1190806/data/WATDE0006_9D14672RP3F330330PB_BHJVVMDSXX_L2_330330.R2.fastp.fastq.gz,1gpu
watde0014_L4,/jic/archive/projects/watseq/ECS/pr-raw-watseq/Wat001-047_B1190023-B1190806/data/WATDE0014_9D14725RP3F387387PA_BHJVVWDSXX_L4_387387.R1.fastp.fastq.gz,/jic/archive/projects/watseq/ECS/pr-raw-watseq/Wat001-047_B1190023-B1190806/data/WATDE0014_9D14725RP3F387387PA_BHJVVWDSXX_L4_387387.R2.fastp.fastq.gz,1gpu
watde0014_L1,/jic/archive/projects/watseq/ECS/pr-raw-watseq/Wat001-047_B1190023-B1190806/data/WATDE0014_9D14725RP3F387387PB_AHJTYKDSXX_L1_387387.R1.fastp.fastq.gz,/jic/archive/projects/watseq/ECS/pr-raw-watseq/Wat001-047_B1190023-B1190806/data/WATDE0014_9D14725RP3F387387PB_AHJTYKDSXX_L1_387387.R2.fastp.fastq.gz,1gpu
watde0239_L2,/jic/archive/projects/watseq/ECS/pr-raw-watseq/Wat204-286/data/WATDE0239_9D14721RP3F384384PA_AHJTYKDSXX_L2_384384.R1.fastp.fastq.gz,/jic/archive/projects/watseq/ECS/pr-raw-watseq/Wat204-286/data/WATDE0239_9D14721RP3F384384PA_AHJTYKDSXX_L2_384384.R2.fastp.fastq.gz,1gpu
watde0239_L4,/jic/archive/projects/watseq/ECS/pr-raw-watseq/Wat204-286/data/WATDE0239_9D14721RP3F384384PB_BHJVVWDSXX_L4_384384.R1.fastp.fastq.gz,/jic/archive/projects/watseq/ECS/pr-raw-watseq/Wat204-286/data/WATDE0239_9D14721RP3F384384PB_BHJVVWDSXX_L4_384384.R2.fastp.fastq.gz,1gpu
watde0340_L3,/jic/archive/projects/watseq/ECS/pr-raw-watseq/Wat287-379/data/WATDE0340_9D14779RP3F344344PA_BHJ7GHDSXX_L3_344344.R1.fastp.fastq.gz,/jic/archive/projects/watseq/ECS/pr-raw-watseq/Wat287-379/data/WATDE0340_9D14779RP3F344344PA_BHJ7GHDSXX_L3_344344.R2.fastp.fastq.gz,1gpu
watde0340_L2,/jic/archive/projects/watseq/ECS/pr-raw-watseq/Wat287-379/data/WATDE0340_9D14779RP3F344344PB_AHLWN2DSXX_L2_344344.R1.fastp.fastq.gz,/jic/archive/projects/watseq/ECS/pr-raw-watseq/Wat287-379/data/WATDE0340_9D14779RP3F344344PB_AHLWN2DSXX_L2_344344.R2.fastp.fastq.gz,1gpu
watde0342_L3,/jic/archive/projects/watseq/ECS/pr-raw-watseq/Wat287-379/data/WATDE0342_9D14780RP3F345345PA_BHJ7GHDSXX_L3_345345.R1.fastp.fastq.gz,/jic/archive/projects/watseq/ECS/pr-raw-watseq/Wat287-379/data/WATDE0342_9D14780RP3F345345PA_BHJ7GHDSXX_L3_345345.R2.fastp.fastq.gz,1gpu
watde0342_L2,/jic/archive/projects/watseq/ECS/pr-raw-watseq/Wat287-379/data/WATDE0342_9D14780RP3F345345PB_BHJ7GHDSXX_L2_345345.R1.fastp.fastq.gz,/jic/archive/projects/watseq/ECS/pr-raw-watseq/Wat287-379/data/WATDE0342_9D14780RP3F345345PB_BHJ7GHDSXX_L2_345345.R2.fastp.fastq.gz,1gpu
watde0352_L4,/jic/archive/projects/watseq/ECS/pr-raw-watseq/Wat287-379/data/WATDE0352_9D14788RP3F356356PA_BHJ7GHDSXX_L4_356356.R1.fastp.fastq.gz,/jic/archive/projects/watseq/ECS/pr-raw-watseq/Wat287-379/data/WATDE0352_9D14788RP3F356356PA_BHJ7GHDSXX_L4_356356.R2.fastp.fastq.gz,1gpu
watde0352_L2,/jic/archive/projects/watseq/ECS/pr-raw-watseq/Wat287-379/data/WATDE0352_9D14788RP3F356356PB_AHLWN2DSXX_L2_356356.R1.fastp.fastq.gz,/jic/archive/projects/watseq/ECS/pr-raw-watseq/Wat287-379/data/WATDE0352_9D14788RP3F356356PB_AHLWN2DSXX_L2_356356.R2.fastp.fastq.gz,1gpu
watde0044_L4,/jic/archive/projects/watseq/ECS/pr-raw-watseq/Wat001-047_B1190023-B1190806/data/WATDE0044_9D14864RP3F321321PA_BHLWWCDSXX_L4_321321.R1.fastp.fastq.gz,/jic/archive/projects/watseq/ECS/pr-raw-watseq/Wat001-047_B1190023-B1190806/data/WATDE0044_9D14864RP3F321321PA_BHLWWCDSXX_L4_321321.R2.fastp.fastq.gz,1gpu
watde0044_L3,/jic/archive/projects/watseq/ECS/pr-raw-watseq/Wat001-047_B1190023-B1190806/data/WATDE0044_9D14864RP3F321321PA_BHLWYFDSXX_L3_321321.R1.fastp.fastq.gz,/jic/archive/projects/watseq/ECS/pr-raw-watseq/Wat001-047_B1190023-B1190806/data/WATDE0044_9D14864RP3F321321PA_BHLWYFDSXX_L3_321321.R2.fastp.fastq.gz,1gpu
watde0044_L2,/jic/archive/projects/watseq/ECS/pr-raw-watseq/Wat001-047_B1190023-B1190806/data/WATDE0044_9D14864RP3F321321PB_BHLWYFDSXX_L2_321321.R1.fastp.fastq.gz,/jic/archive/projects/watseq/ECS/pr-raw-watseq/Wat001-047_B1190023-B1190806/data/WATDE0044_9D14864RP3F321321PB_BHLWYFDSXX_L2_321321.R2.fastp.fastq.gz,1gpu
watde1016_L4,/jic/archive/projects/watseq/ECS/pr-raw-watseq/Wat970-1062/data/WATDE1016_9D15145RP3F380380PA_BHJTWTDSXX_L4_380380.R1.fastp.fastq.gz,/jic/archive/projects/watseq/ECS/pr-raw-watseq/Wat970-1062/data/WATDE1016_9D15145RP3F380380PA_BHJTWTDSXX_L4_380380.R2.fastp.fastq.gz,1gpu
watde1016_L2,/jic/archive/projects/watseq/ECS/pr-raw-watseq/Wat970-1062/data/WATDE1016_9D15145RP3F380380PB_AHLWLVDSXX_L2_380380.R1.fastp.fastq.gz,/jic/archive/projects/watseq/ECS/pr-raw-watseq/Wat970-1062/data/WATDE1016_9D15145RP3F380380PB_AHLWLVDSXX_L2_380380.R2.fastp.fastq.gz,1gpu
watde0065_L3,/jic/archive/projects/watseq/ECS/pr-raw-watseq/Wat048-113/data/WATDE0065_9D14960RP3F317317PA_BHLWNJDSXX_L3_317317.R1.fastp.fastq.gz,/jic/archive/projects/watseq/ECS/pr-raw-watseq/Wat048-113/data/WATDE0065_9D14960RP3F317317PA_BHLWNJDSXX_L3_317317.R2.fastp.fastq.gz,1gpu
watde0065_L4,/jic/archive/projects/watseq/ECS/pr-raw-watseq/Wat048-113/data/WATDE0065_9D14960RP3F317317PA_BHLYF3DSXX_L4_317317.R1.fastp.fastq.gz,/jic/archive/projects/watseq/ECS/pr-raw-watseq/Wat048-113/data/WATDE0065_9D14960RP3F317317PA_BHLYF3DSXX_L4_317317.R2.fastp.fastq.gz,1gpu
watde0065_L4,/jic/archive/projects/watseq/ECS/pr-raw-watseq/Wat048-113/data/WATDE0065_9D14960RP3F317317PB_BHLWNJDSXX_L4_317317.R1.fastp.fastq.gz,/jic/archive/projects/watseq/ECS/pr-raw-watseq/Wat048-113/data/WATDE0065_9D14960RP3F317317PB_BHLWNJDSXX_L4_317317.R2.fastp.fastq.gz,1gpu
watde0159_L1,/jic/archive/projects/watseq/ECS/pr-raw-watseq/Wat114-203/data/WATDE0159_9D14667RP3F324324PA_BHJVVMDSXX_L1_324324.R1.fastp.fastq.gz,/jic/archive/projects/watseq/ECS/pr-raw-watseq/Wat114-203/data/WATDE0159_9D14667RP3F324324PA_BHJVVMDSXX_L1_324324.R2.fastp.fastq.gz,1gpu
watde0159_L4,/jic/archive/projects/watseq/ECS/pr-raw-watseq/Wat114-203/data/WATDE0159_9D14667RP3F324324PA_BHLWWCDSXX_L4_324324.R1.fastp.fastq.gz,/jic/archive/projects/watseq/ECS/pr-raw-watseq/Wat114-203/data/WATDE0159_9D14667RP3F324324PA_BHLWWCDSXX_L4_324324.R2.fastp.fastq.gz,1gpu
watde0159_L2,/jic/archive/projects/watseq/ECS/pr-raw-watseq/Wat114-203/data/WATDE0159_9D14667RP3F324324PB_BHJVVMDSXX_L2_324324.R1.fastp.fastq.gz,/jic/archive/projects/watseq/ECS/pr-raw-watseq/Wat114-203/data/WATDE0159_9D14667RP3F324324PB_BHJVVMDSXX_L2_324324.R2.fastp.fastq.gz,1gpu
watde0160_L2,/jic/archive/projects/watseq/ECS/pr-raw-watseq/Wat114-203/data/WATDE0160_9D14668RP3F325325PA_BHJVVMDSXX_L2_325325.R1.fastp.fastq.gz,/jic/archive/projects/watseq/ECS/pr-raw-watseq/Wat114-203/data/WATDE0160_9D14668RP3F325325PA_BHJVVMDSXX_L2_325325.R2.fastp.fastq.gz,1gpu
watde0160_L1,/jic/archive/projects/watseq/ECS/pr-raw-watseq/Wat114-203/data/WATDE0160_9D14668RP3F325325PB_BHJVVMDSXX_L1_325325.R1.fastp.fastq.gz,/jic/archive/projects/watseq/ECS/pr-raw-watseq/Wat114-203/data/WATDE0160_9D14668RP3F325325PB_BHJVVMDSXX_L1_325325.R2.fastp.fastq.gz,1gpu
watde0162_L2,/jic/archive/projects/watseq/ECS/pr-raw-watseq/Wat114-203/data/WATDE0162_9D14669RP3F326326PA_BHJVVMDSXX_L2_326326.R1.fastp.fastq.gz,/jic/archive/projects/watseq/ECS/pr-raw-watseq/Wat114-203/data/WATDE0162_9D14669RP3F326326PA_BHJVVMDSXX_L2_326326.R2.fastp.fastq.gz,1gpu
watde0162_L1,/jic/archive/projects/watseq/ECS/pr-raw-watseq/Wat114-203/data/WATDE0162_9D14669RP3F326326PB_BHJVVMDSXX_L1_326326.R1.fastp.fastq.gz,/jic/archive/projects/watseq/ECS/pr-raw-watseq/Wat114-203/data/WATDE0162_9D14669RP3F326326PB_BHJVVMDSXX_L1_326326.R2.fastp.fastq.gz,1gpu
watde0164_L1,/jic/archive/projects/watseq/ECS/pr-raw-watseq/Wat114-203/data/WATDE0164_9D14670RP3F328328PA_BHJVVMDSXX_L1_328328.R1.fastp.fastq.gz,/jic/archive/projects/watseq/ECS/pr-raw-watseq/Wat114-203/data/WATDE0164_9D14670RP3F328328PA_BHJVVMDSXX_L1_328328.R2.fastp.fastq.gz,1gpu
watde0164_L2,/jic/archive/projects/watseq/ECS/pr-raw-watseq/Wat114-203/data/WATDE0164_9D14670RP3F328328PB_BHJVVMDSXX_L2_328328.R1.fastp.fastq.gz,/jic/archive/projects/watseq/ECS/pr-raw-watseq/Wat114-203/data/WATDE0164_9D14670RP3F328328PB_BHJVVMDSXX_L2_328328.R2.fastp.fastq.gz,1gpu
watde0232_L1,/jic/archive/projects/watseq/ECS/pr-raw-watseq/Wat204-286/data/WATDE0232_9D14715RP3F377377PA_AHJTYKDSXX_L1_377377.R1.fastp.fastq.gz,/jic/archive/projects/watseq/ECS/pr-raw-watseq/Wat204-286/data/WATDE0232_9D14715RP3F377377PA_AHJTYKDSXX_L1_377377.R2.fastp.fastq.gz,1gpu
watde0232_L3,/jic/archive/projects/watseq/ECS/pr-raw-watseq/Wat204-286/data/WATDE0232_9D14715RP3F377377PB_BHJVVWDSXX_L3_377377.R1.fastp.fastq.gz,/jic/archive/projects/watseq/ECS/pr-raw-watseq/Wat204-286/data/WATDE0232_9D14715RP3F377377PB_BHJVVWDSXX_L3_377377.R2.fastp.fastq.gz,1gpu
watde0331_L3,/jic/archive/projects/watseq/ECS/pr-raw-watseq/Wat287-379/data/WATDE0331_9D14774RP3F339339PA_BHJ7GHDSXX_L3_339339.R1.fastp.fastq.gz,/jic/archive/projects/watseq/ECS/pr-raw-watseq/Wat287-379/data/WATDE0331_9D14774RP3F339339PA_BHJ7GHDSXX_L3_339339.R2.fastp.fastq.gz,1gpu
watde0331_L2,/jic/archive/projects/watseq/ECS/pr-raw-watseq/Wat287-379/data/WATDE0331_9D14774RP3F339339PB_BHJ7GHDSXX_L2_339339.R1.fastp.fastq.gz,/jic/archive/projects/watseq/ECS/pr-raw-watseq/Wat287-379/data/WATDE0331_9D14774RP3F339339PB_BHJ7GHDSXX_L2_339339.R2.fastp.fastq.gz,1gpu
watde0666_L3,/jic/archive/projects/watseq/ECS/pr-raw-watseq/Wat648-732/data/WATDE0666_9D14959RP3F316316PA_BHLWNJDSXX_L3_316316.R1.fastp.fastq.gz,/jic/archive/projects/watseq/ECS/pr-raw-watseq/Wat648-732/data/WATDE0666_9D14959RP3F316316PA_BHLWNJDSXX_L3_316316.R2.fastp.fastq.gz,1gpu
watde0666_L2,/jic/archive/projects/watseq/ECS/pr-raw-watseq/Wat648-732/data/WATDE0666_9D14959RP3F316316PB_AHLWWJDSXX_L2_316316.R1.fastp.fastq.gz,/jic/archive/projects/watseq/ECS/pr-raw-watseq/Wat648-732/data/WATDE0666_9D14959RP3F316316PB_AHLWWJDSXX_L2_316316.R2.fastp.fastq.gz,1gpu
watde0666_L4,/jic/archive/projects/watseq/ECS/pr-raw-watseq/Wat648-732/data/WATDE0666_9D14959RP3F316316PB_BHLWNJDSXX_L4_316316.R1.fastp.fastq.gz,/jic/archive/projects/watseq/ECS/pr-raw-watseq/Wat648-732/data/WATDE0666_9D14959RP3F316316PB_BHLWNJDSXX_L4_316316.R2.fastp.fastq.gz,1gpu
watde0666_L1,/jic/archive/projects/watseq/ECS/pr-raw-watseq/Wat648-732/data/WATDE0666_9D14959RP3F316316PB_BHLY7KDSXX_L1_316316.R1.fastp.fastq.gz,/jic/archive/projects/watseq/ECS/pr-raw-watseq/Wat648-732/data/WATDE0666_9D14959RP3F316316PB_BHLY7KDSXX_L1_316316.R2.fastp.fastq.gz,1gpu
watde0667_L3,/jic/archive/projects/watseq/ECS/pr-raw-watseq/Wat648-732/data/WATDE0667_9D14961RP3F318318PA_BHLWNJDSXX_L3_318318.R1.fastp.fastq.gz,/jic/archive/projects/watseq/ECS/pr-raw-watseq/Wat648-732/data/WATDE0667_9D14961RP3F318318PA_BHLWNJDSXX_L3_318318.R2.fastp.fastq.gz,1gpu
watde0667_L4,/jic/archive/projects/watseq/ECS/pr-raw-watseq/Wat648-732/data/WATDE0667_9D14961RP3F318318PB_BHLWNJDSXX_L4_318318.R1.fastp.fastq.gz,/jic/archive/projects/watseq/ECS/pr-raw-watseq/Wat648-732/data/WATDE0667_9D14961RP3F318318PB_BHLWNJDSXX_L4_318318.R2.fastp.fastq.gz,1gpu
watde0887_L1,/jic/archive/projects/watseq/ECS/pr-raw-watseq/Wat880-953/data/WATDE0887_9D15073RP3F306306PA_AHLYFCDSXX_L1_306306.R1.fastp.fastq.gz,/jic/archive/projects/watseq/ECS/pr-raw-watseq/Wat880-953/data/WATDE0887_9D15073RP3F306306PA_AHLYFCDSXX_L1_306306.R2.fastp.fastq.gz,1gpu
watde0887_L1,/jic/archive/projects/watseq/ECS/pr-raw-watseq/Wat880-953/data/WATDE0887_9D15073RP3F306306PB_AHLYFWDSXX_L1_306306.R1.fastp.fastq.gz,/jic/archive/projects/watseq/ECS/pr-raw-watseq/Wat880-953/data/WATDE0887_9D15073RP3F306306PB_AHLYFWDSXX_L1_306306.R2.fastp.fastq.gz,1gpu
watde0887_L4,/jic/archive/projects/watseq/ECS/pr-raw-watseq/Wat880-953/data/WATDE0887_9D15073RP3F306306PB_BHLYHMDSXX_L4_306306.R1.fastp.fastq.gz,/jic/archive/projects/watseq/ECS/pr-raw-watseq/Wat880-953/data/WATDE0887_9D15073RP3F306306PB_BHLYHMDSXX_L4_306306.R2.fastp.fastq.gz,1gpu
watde0103_L4,/jic/archive/projects/watseq/ECS/pr-raw-watseq/Wat048-113/data/WATDE0103_9D15111RP3F349349PA_AHLYFWDSXX_L4_349349.R1.fastp.fastq.gz,/jic/archive/projects/watseq/ECS/pr-raw-watseq/Wat048-113/data/WATDE0103_9D15111RP3F349349PA_AHLYFWDSXX_L4_349349.R2.fastp.fastq.gz,1gpu
watde0103_L4,/jic/archive/projects/watseq/ECS/pr-raw-watseq/Wat048-113/data/WATDE0103_9D15111RP3F349349PB_BHJTYWDSXX_L4_349349.R1.fastp.fastq.gz,/jic/archive/projects/watseq/ECS/pr-raw-watseq/Wat048-113/data/WATDE0103_9D15111RP3F349349PB_BHJTYWDSXX_L4_349349.R2.fastp.fastq.gz,1gpu
watde0103_L4,/jic/archive/projects/watseq/ECS/pr-raw-watseq/Wat048-113/data/WATDE0103_9D15111RP3F349349PB_BHLWWLDSXX_L4_349349.R1.fastp.fastq.gz,/jic/archive/projects/watseq/ECS/pr-raw-watseq/Wat048-113/data/WATDE0103_9D15111RP3F349349PB_BHLWWLDSXX_L4_349349.R2.fastp.fastq.gz,1gpu
watde0997_L3,/jic/archive/projects/watseq/ECS/pr-raw-watseq/Wat970-1062/data/WATDE0997_9D15134RP3F373373PA_BHJTWTDSXX_L3_373373.R1.fastp.fastq.gz,/jic/archive/projects/watseq/ECS/pr-raw-watseq/Wat970-1062/data/WATDE0997_9D15134RP3F373373PA_BHJTWTDSXX_L3_373373.R2.fastp.fastq.gz,1gpu
watde0997_L1,/jic/archive/projects/watseq/ECS/pr-raw-watseq/Wat970-1062/data/WATDE0997_9D15134RP3F373373PB_AHLWLVDSXX_L1_373373.R1.fastp.fastq.gz,/jic/archive/projects/watseq/ECS/pr-raw-watseq/Wat970-1062/data/WATDE0997_9D15134RP3F373373PB_AHLWLVDSXX_L1_373373.R2.fastp.fastq.gz,1gpu
watde0965_L4,/jic/archive/projects/watseq/ECS/pr-raw-watseq/Wat937-969/data/WATDE0965_9D15118RP3F358358PA_AHLW73DSXX_L4_358358.R1.fastp.fastq.gz,/jic/archive/projects/watseq/ECS/pr-raw-watseq/Wat937-969/data/WATDE0965_9D15118RP3F358358PA_AHLW73DSXX_L4_358358.R2.fastp.fastq.gz,1gpu
watde0965_L4,/jic/archive/projects/watseq/ECS/pr-raw-watseq/Wat937-969/data/WATDE0965_9D15118RP3F358358PA_AHLWWJDSXX_L4_358358.R1.fastp.fastq.gz,/jic/archive/projects/watseq/ECS/pr-raw-watseq/Wat937-969/data/WATDE0965_9D15118RP3F358358PA_AHLWWJDSXX_L4_358358.R2.fastp.fastq.gz,1gpu
watde0965_L2,/jic/archive/projects/watseq/ECS/pr-raw-watseq/Wat937-969/data/WATDE0965_9D15118RP3F358358PA_BHLWY5DSXX_L2_358358.R1.fastp.fastq.gz,/jic/archive/projects/watseq/ECS/pr-raw-watseq/Wat937-969/data/WATDE0965_9D15118RP3F358358PA_BHLWY5DSXX_L2_358358.R2.fastp.fastq.gz,1gpu
watde0965_L4,/jic/archive/projects/watseq/ECS/pr-raw-watseq/Wat937-969/data/WATDE0965_9D15118RP3F358358PA_BHLY7KDSXX_L4_358358.R1.fastp.fastq.gz,/jic/archive/projects/watseq/ECS/pr-raw-watseq/Wat937-969/data/WATDE0965_9D15118RP3F358358PA_BHLY7KDSXX_L4_358358.R2.fastp.fastq.gz,1gpu
watde0965_L4,/jic/archive/projects/watseq/ECS/pr-raw-watseq/Wat937-969/data/WATDE0965_9D15118RP3F358358PB_AHJWH7DSXX_L4_358358.R1.fastp.fastq.gz,/jic/archive/projects/watseq/ECS/pr-raw-watseq/Wat937-969/data/WATDE0965_9D15118RP3F358358PB_AHJWH7DSXX_L4_358358.R2.fastp.fastq.gz,1gpu
watde0999_L3,/jic/archive/projects/watseq/ECS/pr-raw-watseq/Wat970-1062/data/WATDE0999_9D15135RP3F374374PA_BHJTWTDSXX_L3_374374.R1.fastp.fastq.gz,/jic/archive/projects/watseq/ECS/pr-raw-watseq/Wat970-1062/data/WATDE0999_9D15135RP3F374374PA_BHJTWTDSXX_L3_374374.R2.fastp.fastq.gz,1gpu
watde0999_L2,/jic/archive/projects/watseq/ECS/pr-raw-watseq/Wat970-1062/data/WATDE0999_9D15135RP3F374374PB_AHLWLVDSXX_L2_374374.R1.fastp.fastq.gz,/jic/archive/projects/watseq/ECS/pr-raw-watseq/Wat970-1062/data/WATDE0999_9D15135RP3F374374PB_AHLWLVDSXX_L2_374374.R2.fastp.fastq.gz,1gpu
watde0999_L4,/jic/archive/projects/watseq/ECS/pr-raw-watseq/Wat970-1062/data/WATDE0999_9D15135RP3F374374PB_BHLYF3DSXX_L4_374374.R1.fastp.fastq.gz,/jic/archive/projects/watseq/ECS/pr-raw-watseq/Wat970-1062/data/WATDE0999_9D15135RP3F374374PB_BHLYF3DSXX_L4_374374.R2.fastp.fastq.gz,1gpu
watde1001_L4,/jic/archive/projects/watseq/ECS/pr-raw-watseq/Wat970-1062/data/WATDE1001_9D15136RP3F313313PA_BHJYF7DSXX_L4_313313.R1.fastp.fastq.gz,/jic/archive/projects/watseq/ECS/pr-raw-watseq/Wat970-1062/data/WATDE1001_9D15136RP3F313313PA_BHJYF7DSXX_L4_313313.R2.fastp.fastq.gz,1gpu
watde1001_L4,/jic/archive/projects/watseq/ECS/pr-raw-watseq/Wat970-1062/data/WATDE1001_9D15136RP3F315315PB_BHJYF7DSXX_L4_315315.R1.fastp.fastq.gz,/jic/archive/projects/watseq/ECS/pr-raw-watseq/Wat970-1062/data/WATDE1001_9D15136RP3F315315PB_BHJYF7DSXX_L4_315315.R2.fastp.fastq.gz,1gpu
watde0987_L3,/jic/archive/projects/watseq/ECS/pr-raw-watseq/Wat970-1062/data/WATDE0987_9D15131RP3F371371PA_BHJTWTDSXX_L3_371371.R1.fastp.fastq.gz,/jic/archive/projects/watseq/ECS/pr-raw-watseq/Wat970-1062/data/WATDE0987_9D15131RP3F371371PA_BHJTWTDSXX_L3_371371.R2.fastp.fastq.gz,1gpu
watde0987_L3,/jic/archive/projects/watseq/ECS/pr-raw-watseq/Wat970-1062/data/WATDE0987_9D15131RP3F371371PB_BHLWY5DSXX_L3_371371.R1.fastp.fastq.gz,/jic/archive/projects/watseq/ECS/pr-raw-watseq/Wat970-1062/data/WATDE0987_9D15131RP3F371371PB_BHLWY5DSXX_L3_371371.R2.fastp.fastq.gz,1gpu
watde0500_L4,/jic/archive/projects/watseq/ECS/pr-raw-watseq/Wat463-558/data/WATDE0500_9D14872RP3F328328PA_BHLWYFDSXX_L4_328328.R1.fastp.fastq.gz,/jic/archive/projects/watseq/ECS/pr-raw-watseq/Wat463-558/data/WATDE0500_9D14872RP3F328328PA_BHLWYFDSXX_L4_328328.R2.fastp.fastq.gz,1gpu
watde0500_L3,/jic/archive/projects/watseq/ECS/pr-raw-watseq/Wat463-558/data/WATDE0500_9D14872RP3F328328PB_BHLWYFDSXX_L3_328328.R1.fastp.fastq.gz,/jic/archive/projects/watseq/ECS/pr-raw-watseq/Wat463-558/data/WATDE0500_9D14872RP3F328328PB_BHLWYFDSXX_L3_328328.R2.fastp.fastq.gz,1gpu
watde0501_L4,/jic/archive/projects/watseq/ECS/pr-raw-watseq/Wat463-558/data/WATDE0501_9D14873RP3F302302PA_AHJTYKDSXX_L4_302302.R1.fastp.fastq.gz,/jic/archive/projects/watseq/ECS/pr-raw-watseq/Wat463-558/data/WATDE0501_9D14873RP3F302302PA_AHJTYKDSXX_L4_302302.R2.fastp.fastq.gz,1gpu
watde0501_L4,/jic/archive/projects/watseq/ECS/pr-raw-watseq/Wat463-558/data/WATDE0501_9D14873RP3F303303PB_BHLYJFDSXX_L4_303303.R1.fastp.fastq.gz,/jic/archive/projects/watseq/ECS/pr-raw-watseq/Wat463-558/data/WATDE0501_9D14873RP3F303303PB_BHLYJFDSXX_L4_303303.R2.fastp.fastq.gz,1gpu
